Id,Label,occ_field,weighted_avg_income,modularity_class,indegree,outdegree,Degree,weighted indegree,weighted outdegree,Weighted Degree,Eccentricity,closnesscentrality,harmonicclosnesscentrality,betweenesscentrality,Authority,Hub,pageranks,eigencentrality,stat_inf_class
10,Chief executives and legislators/public administration,"Management in Business, Science, and Arts",122376.00181,1,58,48,106,585664.43,479202.14,1064866.57,3,0.499434,0.535903,276.517431,0.048716,0.04286,0.002939,0.34569,14
20,General and Operations Managers,"Management in Business, Science, and Arts",71939.855093,1,77,76,153,517154.09,534996.34,1052150.43,4,0.531325,0.577475,589.128136,0.064045,0.065148,0.003585,0.453085,127
30,"Managers in Marketing, Advertising, and Public Relations","Management in Business, Science, and Arts",71981.581153,1,98,116,214,1336824.24,1174314.43,2511138.67,3,0.558228,0.622449,881.225904,0.082199,0.088299,0.004138,0.568937,54
110,Computer and Information Systems Managers,"Management in Business, Science, and Arts",93007.65481,1,44,45,89,401716.32,344317.37,746033.69,3,0.496622,0.531746,126.826233,0.034236,0.039184,0.002131,0.230862,38
120,Financial Managers,"Management in Business, Science, and Arts",69184.246605,1,102,96,198,1080022.72,1118747.16,2198769.88,3,0.53912,0.59675,610.479218,0.080204,0.075385,0.004509,0.562299,2
130,Human Resources Managers,"Management in Business, Science, and Arts",73648.256826,1,50,65,115,440142.89,539887.83,980030.72,4,0.515187,0.559335,122.014492,0.044035,0.055056,0.002501,0.306768,37
205,"Farmers, Ranchers, and Other Agricultural Managers","Management in Business, Science, and Arts",12253.717245,7,93,58,151,1504667.86,263807.03,1768474.89,4,0.513388,0.55291,413.045114,0.071907,0.051516,0.004508,0.5158,100
220,Constructions Managers,"Management in Business, Science, and Arts",57933.354811,1,34,31,65,331120.57,185601.04,516721.61,4,0.481967,0.511338,128.360805,0.02864,0.027339,0.001767,0.192395,92
230,Education Administrators,"Management in Business, Science, and Arts",60040.515802,1,102,114,216,1333033.87,1311659.09,2644692.96,3,0.554717,0.619048,1146.199933,0.081003,0.084826,0.004783,0.580701,56
300,Architectural and Engineering Managers,"Management in Business, Science, and Arts",150504.982186,1,8,9,17,31121.03,29987.46,61108.49,4,0.422819,0.446901,1.658921,0.007631,0.00811,0.000656,0.043199,14
350,Medical and Health Services Managers,"Management in Business, Science, and Arts",65565.268056,1,85,96,181,1230951.06,1135574.35,2366525.41,3,0.549875,0.602797,740.616579,0.066343,0.07673,0.004179,0.478029,123
410,"Property, Real Estate, and Community Association Managers","Management in Business, Science, and Arts",42328.81201,1,83,78,161,1161496.44,786115.83,1947612.27,3,0.530048,0.577853,533.613418,0.072081,0.067335,0.003814,0.51079,77
420,Social and Community Service Managers,"Management in Business, Science, and Arts",52773.763731,1,77,87,164,676510.22,794916.04,1471426.26,4,0.531966,0.586168,599.268612,0.065061,0.068018,0.003714,0.459581,47
430,"Managers, nec (including Postmasters)","Management in Business, Science, and Arts",59991.273765,1,210,207,417,4030570.4,3834684.2,7865254.6,3,0.643796,0.730915,9060.889889,0.129692,0.12902,0.010474,0.956962,165
520,"Wholesale and Retail Buyers, Except Farm Products",Business Operations Specialists,40204.699115,1,59,50,109,912137.2,286623.24,1198760.44,3,0.505734,0.541572,211.075105,0.050184,0.044114,0.002853,0.353861,92
710,Management Analysts,Business Operations Specialists,61654.762826,1,106,96,202,1057983.45,876574.72,1934558.17,3,0.532609,0.592971,1213.519746,0.078188,0.071607,0.005385,0.574326,88
720,Meeting and Convention Planners,Business Operations Specialists,50625.86113,1,53,55,108,473234.13,351137.5,824371.63,4,0.505155,0.545351,153.860732,0.045493,0.047932,0.002418,0.313022,32
730,Other Business Operations and Management Specialists,Business Operations Specialists,53108.010958,1,113,116,229,1155363.93,1134682.45,2290046.38,3,0.561783,0.624339,955.699441,0.092072,0.085892,0.004827,0.646999,19
800,Accountants and Auditors,Financial Specialists,53248.114178,7,115,127,242,1111936.41,699906.21,1811842.62,3,0.558935,0.631141,1257.590046,0.089018,0.09308,0.00516,0.627876,75
1800,Economists and market researchers,"Life, Physical, and Social Science",64027.913964,1,46,35,81,101789.76,119902.65,221692.41,4,0.474194,0.508692,72.75734,0.035109,0.030246,0.002262,0.248301,70
2010,Social Workers,Community and Social Services,42112.555604,5,125,136,261,1787833.31,1607895.81,3395729.12,3,0.582563,0.650038,1488.508881,0.097426,0.100576,0.005886,0.706143,28
2100,"Lawyers, and judges, magistrates, and other judicial workers",Legal,116807.21327,5,160,33,193,1145094.1,98977.81,1244071.91,4,0.475728,0.508314,816.159523,0.105513,0.026564,0.008124,0.768218,162
2200,Postsecondary Teachers,"Education, Training, and Library",50935.810552,5,145,133,278,1210635,866912.57,2077547.57,4,0.56611,0.639834,3502.665975,0.097021,0.088495,0.008135,0.719859,101
2300,Preschool and Kindergarten Teachers,"Education, Training, and Library",27030.488997,5,103,111,214,1984941.52,1541532.98,3526474.5,3,0.561783,0.620559,653.211516,0.08602,0.094172,0.004522,0.607722,10
2310,Elementary and Middle School Teachers,"Education, Training, and Library",44086.571724,5,155,148,303,3491311.18,2716703.55,6208014.73,3,0.59434,0.664777,2588.911138,0.111869,0.106232,0.007052,0.807606,112
2340,Other Teachers and Instructors,"Education, Training, and Library",22920.860362,5,157,153,310,2283245.1,1560328.99,3843574.09,3,0.59434,0.668556,3015.055724,0.113481,0.108338,0.007415,0.825811,136
2550,"Education, Training, and Library Workers, nec","Education, Training, and Library",45243.11385,7,48,42,90,407326.69,261560.83,668887.52,3,0.489456,0.524565,114.889351,0.041437,0.035101,0.00234,0.295416,91
2825,Public Relations Specialists,"Arts, Design, Entertainment, Sports, and Media",57666.233989,5,59,65,124,344128.04,371183.08,715311.12,4,0.504577,0.552343,245.596943,0.051697,0.05166,0.002706,0.361065,85
2850,Writers and Authors,"Arts, Design, Entertainment, Sports, and Media",39823.470474,5,59,51,110,402177.39,318290.16,720467.55,4,0.488372,0.53099,185.545445,0.053876,0.037732,0.002834,0.381271,17
3060,Physicians and Surgeons,Healthcare Practitioners and Technicians,142207.782678,0,145,24,169,1064720.08,385589.08,1450309.16,4,0.454171,0.485639,803.30452,0.099137,0.014889,0.007469,0.724717,67
3130,Registered Nurses,Healthcare Practitioners and Technicians,59325.332356,0,133,114,247,3597896.5,1870582.34,5468478.84,3,0.555416,0.619426,2042.728743,0.096914,0.081775,0.006322,0.702412,18
3530,"Health Technologists and Technicians, nec",Healthcare Practitioners and Technicians,29981.374904,0,82,65,147,573020.65,382894.98,955915.63,3,0.515187,0.558957,668.656492,0.069819,0.051996,0.003746,0.488344,94
4110,Waiters and Waitresses,Food Preparation and Serving,16189.317975,7,181,242,423,5305764.39,5260279.96,10566044.35,3,0.680556,0.771353,6836.651273,0.124155,0.14573,0.008347,0.895807,144
4230,Maids and Housekeeping Cleaners,Building and Grounds Cleaning and Maintenance,15259.875111,7,159,155,314,4198533.58,2072227.37,6270760.95,3,0.596752,0.671202,4315.074406,0.107628,0.109454,0.007829,0.76547,156
4320,First-Line Supervisors of Personal Service Workers,Personal Care and Service,21282.062699,1,61,61,122,442190.87,340818.01,783008.88,3,0.517606,0.557445,233.225266,0.053936,0.054925,0.002756,0.38028,87
4540,Tour and Travel Guides,Personal Care and Service,17294.949394,7,31,41,72,149153.7,169892.63,319046.33,3,0.496063,0.528345,30.021709,0.032476,0.037034,0.001492,0.221805,82
4610,Personal Care Aides,Personal Care and Service,19545.144471,7,149,148,297,3640582.64,2627835.36,6268418,3,0.59354,0.664399,3046.336853,0.104815,0.105547,0.006776,0.747735,153
4700,First-Line Supervisors of Sales Workers,Sales and Related,36328.623107,7,195,208,403,2650575.06,2422231.34,5072806.4,3,0.649485,0.733938,7013.027295,0.127339,0.134565,0.009137,0.925168,151
4720,Cashiers,Sales and Related,15366.720641,7,208,253,461,8170814.95,7296284.61,15467099.56,3,0.692308,0.783825,10332.761497,0.128685,0.145197,0.009892,0.936063,155
4760,Retail Salespersons,Sales and Related,22613.424441,2,191,199,390,12216180.14,3930991.15,16147171.29,3,0.63913,0.722978,4163.959886,0.129693,0.134365,0.008464,0.932229,149
4965,"Sales and Related Workers, All Other",Sales and Related,27090.872225,2,114,123,237,1188047.72,1078795.69,2266843.41,3,0.569032,0.633409,901.066481,0.09192,0.098513,0.00492,0.649165,114
5100,Bill and Account Collectors,Office and Administrative Support,30767.108986,7,84,76,160,584090.02,412409.76,996499.78,3,0.525,0.573318,258.156214,0.073312,0.066173,0.003635,0.516456,90
5120,"Bookkeeping, Accounting, and Auditing Clerks",Office and Administrative Support,28934.988211,7,163,171,334,3193731.47,2633309.98,5827041.45,3,0.61165,0.690098,3883.560932,0.114065,0.121767,0.00773,0.823977,99
5240,Customer Service Representatives,Office and Administrative Support,32469.207373,7,182,215,397,4166501.81,3926484.5,8092986.31,3,0.653333,0.740741,4985.500624,0.125378,0.136046,0.008053,0.904465,41
5700,Secretaries and Administrative Assistants,Office and Administrative Support,33514.531908,7,217,216,433,5420772.24,4958566.12,10379338.36,3,0.651403,0.740741,7270.76926,0.136,0.135592,0.009988,1,158
5860,"Office Clerks, General",Office and Administrative Support,28520.76405,7,164,166,330,3465271.18,2534584.52,5999855.7,3,0.608276,0.684807,3940.17338,0.116742,0.119692,0.007349,0.836263,172
7315,"Heating, Air Conditioning, and Refrigeration Mechanics and Installers","Installation, Maintenance, and Repair",27962.265225,3,11,9,20,35643.16,40544.52,76187.68,4,0.417219,0.44161,52.846472,0.006575,0.003793,0.000981,0.030392,174
9050,Flight Attendants and Transportation Workers and Attendants,Transportation and Material Moving,41888.98583,7,57,43,100,317101.46,245883.57,562985.03,3,0.495506,0.529478,489.797152,0.048174,0.03504,0.00275,0.332682,80
9130,Driver/Sales Workers and Truck Drivers,Transportation and Material Moving,27555.504942,7,101,103,204,1038998.96,833233.76,1872232.72,3,0.556818,0.611867,2784.928946,0.072434,0.076731,0.005169,0.512072,132
140,Industrial Production Managers,"Management in Business, Science, and Arts",77340.470074,1,26,28,54,139501.82,165437.3,304939.12,4,0.484083,0.510582,75.547817,0.02279,0.024355,0.001455,0.150709,81
150,Purchasing Managers,"Management in Business, Science, and Arts",67418.805144,1,31,33,64,291540.94,213662.46,505203.4,4,0.478308,0.510204,43.157925,0.029561,0.027299,0.001697,0.200885,13
160,"Transportation, Storage, and Distribution Managers","Management in Business, Science, and Arts",52081.485782,1,26,17,43,163084.44,146257.23,309341.67,4,0.458897,0.483371,17.67429,0.025121,0.013592,0.001316,0.163236,13
310,Food Service and Lodging Managers,"Management in Business, Science, and Arts",30381.709707,1,109,140,249,1928251.08,1821049.01,3749300.09,3,0.587217,0.655329,1324.01277,0.088348,0.110954,0.004736,0.619221,24
540,"Claims Adjusters, Appraisers, Examiners, and Investigators",Business Operations Specialists,44889.353831,1,76,76,152,697195.69,553014.66,1250210.35,3,0.520661,0.570673,263.121402,0.067859,0.065216,0.003284,0.470492,36
560,"Compliance Officers, Except Agriculture",Business Operations Specialists,66202.839232,1,59,48,107,411239.3,321357.37,732596.67,3,0.5,0.536281,228.956444,0.045596,0.03807,0.003072,0.331376,118
620,"Human Resources, Training, and Labor Relations Specialists",Business Operations Specialists,55449.628377,1,115,122,237,1629799.77,1440677.67,3070477.44,3,0.569767,0.633031,1064.891075,0.090904,0.093243,0.005027,0.647176,71
1000,Computer Scientists and Systems Analysts/Network systems Analysts/Web Developers,Computer and Mathematical,64442.758694,3,103,98,201,1039058.21,713614.33,1752672.54,3,0.547826,0.603175,1534.43728,0.074447,0.069363,0.005032,0.528619,39
1220,Operations Research Analysts,Computer and Mathematical,67148.286888,3,32,35,67,126503.12,142349.87,268852.99,3,0.479869,0.512472,237.221652,0.027251,0.025391,0.002105,0.188594,86
1840,"Social Scientists, nec","Life, Physical, and Social Science",58350.541357,5,34,21,55,96941.59,101612.1,198553.69,4,0.4647,0.49093,64.104465,0.029641,0.016849,0.001809,0.202628,104
1960,"Life, Physical, and Social Science Technicians, nec","Life, Physical, and Social Science",38179.429267,5,90,71,161,462840.99,346978.23,809819.22,3,0.523753,0.568783,1067.903904,0.071037,0.047607,0.004347,0.503014,152
2000,Counselors,Community and Social Services,41116.917326,5,98,110,208,1564173.52,1207466.83,2771640.35,3,0.556116,0.61678,620.286171,0.080548,0.089315,0.004497,0.578952,1
2060,"Religious Workers, nec",Community and Social Services,24144.138914,5,37,40,77,235183.83,183010.39,418194.22,3,0.491639,0.524565,52.54662,0.032211,0.035212,0.001769,0.220741,70
2540,Teacher Assistants,"Education, Training, and Library",18753.810348,7,167,152,319,2535524.52,1583503.75,4119028.27,3,0.591153,0.666289,3243.611248,0.115286,0.110031,0.00776,0.825874,170
2600,Artists and Related Workers,"Arts, Design, Entertainment, Sports, and Media",18377.844437,5,69,36,105,513593.71,359969.77,873563.48,4,0.491091,0.521542,170.089282,0.058502,0.031308,0.003225,0.408965,55
2720,"Athletes, Coaches, Umpires, and Related Workers","Arts, Design, Entertainment, Sports, and Media",19950.53944,5,68,60,128,485498.1,397743.95,883242.05,4,0.505155,0.548942,291.917582,0.056603,0.049883,0.003006,0.384237,116
2810,"Editors, News Analysts, Reporters, and Correspondents","Arts, Design, Entertainment, Sports, and Media",46090.999632,5,69,64,133,450036.34,469460.37,919496.71,4,0.505155,0.551965,289.98535,0.056336,0.04857,0.003321,0.40442,62
3540,"Healthcare Practitioners and Technical Occupations, nec",Healthcare Practitioners and Technicians,52062.620509,0,36,33,69,196684.38,129646.45,326330.83,4,0.475728,0.508692,128.35195,0.028858,0.025641,0.002162,0.210491,45
3730,"Supervisors, Protective Service Workers, All Other",Protective Service,48422.777184,6,13,16,29,62342.62,65763.08,128105.7,4,0.441884,0.46901,321.053084,0.009923,0.012391,0.000934,0.055781,109
4010,First-Line Supervisors of Food Preparation and Serving Workers,Food Preparation and Serving,23703.546474,7,93,128,221,1213636.33,1326059.97,2539696.3,3,0.574219,0.639834,881.110736,0.080585,0.09982,0.00401,0.555573,147
4030,Food Preparation Workers,Food Preparation and Serving,15430.854817,7,110,120,230,2237287.83,1744044.86,3981332.69,3,0.568299,0.630763,980.119434,0.090932,0.092331,0.004877,0.634873,159
4040,Bartenders,Food Preparation and Serving,21481.510322,7,84,113,197,1168164.5,982974.28,2151138.78,3,0.565385,0.623961,1018.524574,0.073289,0.089891,0.004152,0.515217,98
4050,"Combined Food Preparation and Serving Workers, Including Fast Food",Food Preparation and Serving,15386.837532,7,86,84,170,1320960.36,1106827.28,2427787.64,3,0.53978,0.588057,905.952487,0.071418,0.069278,0.003899,0.49469,138
4150,"Host and Hostesses, Restaurant, Lounge, and Coffee Shop",Food Preparation and Serving,12804.361332,7,87,91,178,1221180.76,798213.69,2019394.45,3,0.543103,0.595238,424.106081,0.074586,0.076303,0.003648,0.504618,148
4200,First-Line Supervisors of Housekeeping and Janitorial Workers,Building and Grounds Cleaning and Maintenance,22960.246973,7,43,37,80,202621.44,172354.28,374975.72,4,0.493289,0.523998,83.388715,0.04255,0.033894,0.00199,0.286818,64
4220,Janitors and Building Cleaners,Building and Grounds Cleaning and Maintenance,17549.700359,7,137,138,275,2702735.92,1731112.81,4433848.73,3,0.585657,0.653061,2826.898354,0.098691,0.099191,0.006554,0.702475,111
4620,Recreation and Fitness Workers,Personal Care and Service,19586.762352,7,102,114,216,1037707.98,1053325.53,2091033.51,3,0.561783,0.622827,898.997252,0.079159,0.088926,0.004681,0.569203,108
4650,"Personal Care and Service Workers, All Other",Personal Care and Service,15680.261176,7,60,59,119,477709.76,313898.86,791608.62,4,0.509238,0.550831,125.948921,0.053125,0.052542,0.002739,0.372533,53
4810,Insurance Sales Agents,Sales and Related,42386.377584,2,96,85,181,1081717.54,904494.17,1986211.71,3,0.538462,0.588057,531.600469,0.08136,0.073419,0.004397,0.5803,157
4840,"Sales Representatives, Services, All Other",Sales and Related,52829.921354,2,86,113,199,1673582.78,2509724.42,4183307.2,3,0.563218,0.622827,439.966364,0.078841,0.089813,0.003636,0.548962,50
4850,"Sales Representatives, Wholesale and Manufacturing",Sales and Related,36459.739448,2,100,165,265,2794494.71,8998975.34,11793470.05,3,0.605769,0.682918,1596.87881,0.081356,0.120013,0.004562,0.577478,97
4950,"Door-to-Door Sales Workers, News and Street Vendors, and Related Workers",Sales and Related,9728.689195,2,103,81,184,850026.92,499681.63,1349708.55,3,0.53912,0.585412,253.555284,0.089128,0.073263,0.00447,0.630202,124
5000,First-Line Supervisors of Office and Administrative Support Workers,Office and Administrative Support,43962.237773,7,121,136,257,1026725.89,890705.31,1917431.2,3,0.575718,0.646636,1751.370564,0.094131,0.101329,0.005451,0.669292,102
5160,Bank Tellers,Office and Administrative Support,23697.63326,7,122,113,235,1579676.64,1084367.35,2664043.99,3,0.561069,0.621693,798.042874,0.095726,0.090153,0.005296,0.680251,27
5310,"Interviewers, Except Eligibility and Loan",Office and Administrative Support,28455.368419,7,106,97,203,761649.75,543052.91,1304702.66,3,0.55125,0.604308,776.424406,0.084599,0.07943,0.004681,0.598597,137
5330,Loan Interviewers and Clerks,Office and Administrative Support,31035.665907,7,93,108,201,819799.32,719491.91,1539291.23,3,0.556116,0.615268,563.106769,0.078381,0.086229,0.004095,0.555228,122
5350,Correspondent clerks and order clerks,Office and Administrative Support,27494.566071,7,70,89,159,536921.82,355703.2,892625.02,3,0.541104,0.592593,512.26062,0.060184,0.071074,0.003142,0.41494,143
5360,"Human Resources Assistants, Except Payroll and Timekeeping",Office and Administrative Support,42310.992603,7,56,41,97,249574.5,230728.28,480302.78,4,0.49,0.524943,135.477681,0.050364,0.034951,0.002469,0.346204,34
5400,Receptionists and Information Clerks,Office and Administrative Support,23705.035393,7,206,192,398,5067735.41,3642965.17,8710700.58,3,0.628205,0.713152,4998.362326,0.132212,0.13193,0.009547,0.957757,175
5410,Reservation and Transportation Ticket Agents and Travel Clerks,Office and Administrative Support,30512.737138,7,70,72,142,448055.92,272142.58,720198.5,3,0.524376,0.569917,196.718313,0.061097,0.064554,0.003088,0.428971,36
5520,Dispatchers,Office and Administrative Support,34501.205221,7,87,77,164,695072.54,461695.99,1156768.53,3,0.528144,0.575964,894.97819,0.072203,0.058324,0.003907,0.499213,65
5620,Stock Clerks and Order Fillers,Office and Administrative Support,22811.762666,7,142,150,292,2195105.99,1739841.82,3934947.81,3,0.592742,0.665533,3307.504478,0.098941,0.106944,0.006869,0.701183,133
5840,Insurance Claims and Policy Processing Clerks,Office and Administrative Support,36899.766564,7,72,79,151,809867.61,512394.82,1322262.43,3,0.528777,0.577853,300.406916,0.0661,0.064769,0.003093,0.448729,6
5940,"Office and administrative support workers, nec",Office and Administrative Support,33813.488494,7,132,133,265,1620301.01,1265156.22,2885457.23,3,0.576471,0.644747,2053.137776,0.102741,0.100928,0.005933,0.738208,3
7200,Automotive Service Technicians and Mechanics,"Installation, Maintenance, and Repair",32471.682101,3,26,14,40,79205.07,31615.12,110820.19,4,0.442771,0.468254,470.153772,0.013151,0.006857,0.002407,0.080215,174
7220,Heavy Vehicle and Mobile Equipment Service Technicians and Mechanics,"Installation, Maintenance, and Repair",27588.795431,3,5,4,9,17210.28,4887.18,22097.46,5,0.347518,0.363228,15.400669,0.002888,0.000799,0.00062,0.008581,174
7750,"Assemblers and Fabricators, nec",Production,26070.200427,7,134,147,281,1579807.47,1400933.75,2980741.22,3,0.591153,0.662509,6370.264262,0.080369,0.088144,0.00691,0.555529,145
8965,Other production workers including semiconductor processors and cooling and freezing equipment operators,Production,26991.90148,7,128,122,250,962562.76,660940.47,1623503.23,3,0.571244,0.633787,2577.155899,0.089324,0.081247,0.005879,0.624188,150
9100,Bus and Ambulance Drivers and Attendants,Transportation and Material Moving,22984.695469,7,87,92,179,926790.99,849019.53,1775810.52,3,0.549191,0.599395,2477.950645,0.068448,0.067524,0.004146,0.480708,176
100,Administrative Services Managers,"Management in Business, Science, and Arts",59776.5069,1,18,17,35,180925.52,134527.53,315453.05,4,0.471658,0.493197,10.212861,0.01857,0.017264,0.000966,0.117459,173
320,Funeral Directors,"Management in Business, Science, and Arts",34719.544631,1,11,9,20,20666.01,16793.47,37459.48,4,0.448171,0.468821,2.109545,0.010805,0.009745,0.000726,0.063285,77
850,Personal Financial Advisors,Financial Specialists,74510.711332,1,51,47,98,391612.13,377196.42,768808.55,4,0.488914,0.528156,265.348296,0.043951,0.036963,0.002578,0.314445,79
910,Credit Counselors and Loan Officers,Financial Specialists,55124.803213,1,63,74,137,607040.49,588072.43,1195112.92,3,0.525,0.571807,541.871492,0.054454,0.059314,0.003027,0.385054,66
950,"Financial Specialists, nec",Financial Specialists,46065.140518,1,74,46,120,337551.36,256012.06,593563.42,3,0.491091,0.528723,361.793747,0.060155,0.035451,0.003519,0.433907,117
1020,"Software Developers, Applications and Systems Software",Computer and Mathematical,89594.702888,3,47,47,94,494643.13,526367.84,1021010.97,4,0.503425,0.538171,283.202567,0.039241,0.037363,0.002346,0.265159,40
1060,Database Administrators,Computer and Mathematical,67689.742837,3,17,15,32,110357.66,104182.37,214540.03,4,0.439243,0.466175,20.126833,0.013937,0.010774,0.001026,0.089476,81
1100,Network and Computer Systems Administrators,Computer and Mathematical,58383.916124,3,27,19,46,158285.14,101301.73,259586.87,4,0.445905,0.474679,60.048088,0.024582,0.013289,0.001452,0.166213,72
1240,"Mathematical science occupations, nec",Computer and Mathematical,73688.258946,3,23,11,34,126694.75,59373.09,186067.84,4,0.418009,0.444067,47.317944,0.019178,0.007409,0.001662,0.133575,20
1300,"Architects, Except Naval",Architecture and Engineering,55485.849833,5,23,20,43,116174.39,40513.38,156687.77,4,0.454171,0.482237,18.991109,0.022167,0.01685,0.001232,0.145099,168
2020,"Community and Social Service Specialists, nec",Community and Social Services,33202.714077,5,75,62,137,449340.23,377567.15,826907.38,3,0.511008,0.554044,218.952353,0.06732,0.054972,0.003437,0.477037,55
2140,Paralegals and Legal Assistants,Legal,45479.817527,5,82,90,172,594220.33,480407.9,1074628.23,3,0.537805,0.591459,471.36268,0.068688,0.075853,0.003832,0.495593,83
2150,"Legal Support Workers, nec",Legal,44916.50677,5,68,63,131,476921.4,380730.04,857651.44,3,0.514586,0.557067,288.052139,0.059779,0.053767,0.003218,0.426855,52
2320,Secondary School Teachers,"Education, Training, and Library",46835.107933,5,95,87,182,1237202.06,962266.95,2199469.01,3,0.533253,0.586546,984.42239,0.077054,0.070487,0.004139,0.534646,93
2400,"Archivists, Curators, and Museum Technicians","Education, Training, and Library",44202.891719,7,28,27,55,161303.1,165171.44,326474.54,4,0.470149,0.499811,30.613424,0.025172,0.024458,0.001431,0.173533,42
2630,Designers,"Arts, Design, Entertainment, Sports, and Media",34303.252895,5,110,99,209,1263679.51,997290.16,2260969.67,3,0.543773,0.601663,1257.455055,0.084789,0.077711,0.00522,0.60488,5
2840,Technical Writers,"Arts, Design, Entertainment, Sports, and Media",62799.915178,5,35,29,64,161751.72,95999.29,257751.01,3,0.460334,0.493197,121.401659,0.027957,0.022093,0.002004,0.204321,141
2910,Photographers,"Arts, Design, Entertainment, Sports, and Media",16799.246427,5,60,59,119,440919.68,252476.73,693396.41,4,0.514586,0.554233,267.017625,0.050251,0.051847,0.002808,0.344802,107
3010,Dentists,Healthcare Practitioners and Technicians,106172.012096,0,45,11,56,188409.5,108267.16,296676.66,4,0.411765,0.438587,53.281844,0.038896,0.006672,0.002677,0.283457,21
3050,Pharmacists,Healthcare Practitioners and Technicians,88333.255167,0,36,26,62,340999.57,262402.29,603401.86,4,0.454171,0.486584,144.774939,0.027598,0.016512,0.002486,0.19893,44
3600,"Nursing, Psychiatric, and Home Health Aides",Healthcare Support,23301.501201,4,159,164,323,4241920.71,3191136.08,7433056.79,3,0.604938,0.681784,2816.420599,0.110768,0.116456,0.007036,0.785261,76
3630,Massage Therapists,Healthcare Support,15190.185577,4,44,33,77,490721.17,297096.21,787817.38,4,0.485683,0.515306,119.036473,0.040427,0.0295,0.002117,0.273815,12
3640,Dental Assistants,Healthcare Support,28501.653666,4,52,55,107,958290.68,599265.48,1557556.16,3,0.511008,0.548753,134.953157,0.047413,0.049459,0.00243,0.330194,16
3650,"Medical Assistants and Other Healthcare Support Occupations, nec",Healthcare Support,25347.398448,4,147,155,302,3146465.3,2241225.39,5387690.69,3,0.595142,0.670446,2966.395,0.10694,0.107193,0.006763,0.772725,134
3930,Security Guards and Gaming Surveillance Officers,Protective Service,28952.241572,7,103,93,196,638503.34,406296.48,1044799.82,3,0.549191,0.600151,1245.393023,0.081297,0.074809,0.004848,0.569807,22
4120,"Food Servers, Nonrestaurant",Food Preparation and Serving,17283.877828,7,50,59,109,649451.6,482424.79,1131876.39,3,0.518214,0.556311,103.649948,0.048386,0.05281,0.002228,0.324108,61
4130,"Food preparation and serving related workers, nec",Food Preparation and Serving,12681.188636,7,82,87,169,1196507.03,742664.61,1939171.64,3,0.540441,0.590703,1051.007141,0.074653,0.07384,0.003743,0.507905,177
4300,First-Line Supervisors of Gaming Workers,Personal Care and Service,41922.965817,1,30,34,64,187784.81,201971.57,389756.38,3,0.491639,0.52003,64.545168,0.027444,0.034282,0.001546,0.18647,74
4800,Advertising Sales Agents,Sales and Related,51683.077218,2,67,63,130,495846,453731.23,949577.23,4,0.513388,0.556689,108.292955,0.062518,0.055704,0.002941,0.437879,141
4820,"Securities, Commodities, and Financial Services Sales Agents",Sales and Related,63142.562641,2,56,44,100,505346.71,240454.19,745800.9,4,0.496063,0.53099,89.664775,0.049394,0.040295,0.002565,0.343408,37
4920,Real Estate Brokers and Sales Agents,Sales and Related,41311.536223,2,114,92,206,1820856.97,1233382.72,3054239.69,3,0.542435,0.595616,787.134605,0.086165,0.07802,0.005355,0.623577,46
5010,"Switchboard Operators, Including Answering Service",Office and Administrative Support,22578.270584,7,33,29,62,102308.56,103075.78,205384.34,4,0.476242,0.505858,12.399265,0.034724,0.028831,0.001553,0.234115,73
5110,Billing and Posting Clerks,Office and Administrative Support,31883.206628,7,98,110,208,1276127.64,1006732.61,2282860.25,3,0.557522,0.617536,552.066264,0.083266,0.088049,0.004245,0.590448,35
5260,File Clerks,Office and Administrative Support,26356.069564,7,103,105,208,1137350.48,678105.12,1815455.6,3,0.55125,0.610355,570.816113,0.088498,0.083795,0.004361,0.618903,58
5300,"Hotel, Motel, and Resort Desk Clerks",Office and Administrative Support,19937.630926,7,80,77,157,574649.34,421772.69,996422.03,3,0.535194,0.580121,313.007937,0.070438,0.069996,0.003467,0.488807,103
5600,"Production, Planning, and Expediting Clerks",Office and Administrative Support,36584.816491,7,89,102,191,739733.11,512395.16,1252128.27,3,0.550562,0.60771,620.084434,0.074558,0.082039,0.00396,0.520963,89
5610,"Shipping, Receiving, and Traffic Clerks",Office and Administrative Support,27374.160013,7,77,91,168,748044.84,603084.65,1351129.49,3,0.545792,0.59675,412.76231,0.065425,0.075324,0.003351,0.450131,121
5800,Computer Operators,Office and Administrative Support,31686.858089,7,44,41,85,250339.13,139299.5,389638.63,4,0.498869,0.530423,141.453883,0.042486,0.03524,0.002066,0.287833,21
5810,Data Entry Keyers,Office and Administrative Support,27985.063489,7,139,114,253,1417520.29,921348.7,2338868.99,3,0.563939,0.623961,1436.634718,0.103403,0.091128,0.006185,0.737574,163
5820,Word Processors and Typists,Office and Administrative Support,25441.147469,7,84,75,159,711294.95,416171.03,1127465.98,3,0.527512,0.574074,413.474182,0.073102,0.067957,0.003582,0.506297,178
6210,Boilermakers,Construction,33120.438118,1,3,0,3,7306,0,7306,0,0,0,0,0.001548,0,0.00048,0.011004,129
6230,Carpenters,Construction,21274.621404,7,20,16,36,75437.29,32170.41,107607.7,4,0.454639,0.479403,95.252264,0.019926,0.009883,0.001152,0.125583,113
6240,"Carpet, Floor, and Tile Installers and Finishers",Construction,15447.695258,7,10,10,20,31163.66,22568.58,53732.24,4,0.419202,0.444633,15.414863,0.007011,0.006462,0.000805,0.037615,166
7020,Radio and Telecommunications Equipment Installers and Repairers,"Installation, Maintenance, and Repair",47326.172629,3,23,22,45,74344.1,75809.33,150153.43,4,0.474194,0.499055,266.630637,0.017995,0.014418,0.001562,0.120488,174
7700,First-Line Supervisors of Production and Operating Workers,Production,41670.759362,7,44,58,102,130307.57,156139.43,286447,4,0.514586,0.553666,403.309007,0.039178,0.049564,0.002202,0.272246,118
7800,Bakers,Production,18943.79946,7,88,93,181,602132.58,515492.25,1117624.83,3,0.543773,0.597128,2089.537976,0.062765,0.064393,0.004467,0.426704,130
9140,Taxi Drivers and Chauffeurs,Transportation and Material Moving,17921.276157,7,72,46,118,466507.97,246000.98,712508.95,4,0.504577,0.538171,724.694988,0.056331,0.03871,0.00353,0.38265,131
530,"Purchasing Agents, Except Wholesale, Retail, and Farm Products",Business Operations Specialists,46338.780779,1,56,60,116,432545.62,984460.75,1417006.37,3,0.506897,0.549887,158.653049,0.050314,0.049299,0.002564,0.353923,23
1010,Computer Programmers,Computer and Mathematical,66865.953123,3,38,43,81,285488.65,320953.32,606441.97,4,0.491091,0.526833,171.427521,0.031208,0.034294,0.002111,0.223411,85
1050,Computer Support Specialists,Computer and Mathematical,54952.953442,3,51,44,95,416388.86,406018.97,822407.83,4,0.494949,0.530045,152.133133,0.044399,0.037727,0.002393,0.31298,126
1600,Agricultural and Food Scientists,"Life, Physical, and Social Science",49095.086349,5,17,10,27,50714.26,25788.03,76502.29,4,0.429406,0.454082,128.175004,0.009914,0.009178,0.001492,0.065314,43
1720,Chemists and Materials Scientists,"Life, Physical, and Social Science",64070.119755,5,19,21,40,112583.94,70113.02,182696.96,4,0.430244,0.462774,65.393546,0.012361,0.012051,0.001415,0.082823,43
4600,Childcare Workers,Personal Care and Service,11805.201369,7,173,193,366,5403984,3610817.49,9014801.49,3,0.63,0.714664,4511.57936,0.119634,0.128813,0.007818,0.864151,49
8230,"Bookbinders, Printing Machine Operators, and Job Printers",Production,27005.39981,7,54,50,104,244023.54,230118.29,474141.83,4,0.506315,0.542328,349.206957,0.039011,0.034974,0.002503,0.259269,105
830,Credit Analysts,Financial Specialists,54640.947041,1,15,8,23,61883.05,39521.55,101404.6,4,0.418009,0.441988,12.183718,0.009384,0.006064,0.001069,0.061013,25
840,Financial Analysts,Financial Specialists,76887.913376,1,21,25,46,232718.75,223747.12,456465.87,4,0.44012,0.474301,108.560017,0.015588,0.017522,0.00139,0.107865,25
940,Tax Preparers,Financial Specialists,25751.119201,1,76,34,110,633392.29,199664.49,833056.78,3,0.485683,0.515873,292.817834,0.062853,0.028588,0.00366,0.447191,7
2040,Clergy,Community and Social Services,34770.448492,5,27,32,59,229676.61,195660.06,425336.67,4,0.466667,0.501134,33.315515,0.023443,0.029012,0.001421,0.156174,96
2330,Special Education Teachers,"Education, Training, and Library",45416.015799,5,54,50,104,784088.34,421289.18,1205377.52,4,0.504577,0.541194,307.499409,0.051887,0.045595,0.00248,0.361313,91
3160,Physical Therapists,Healthcare Practitioners and Technicians,56207.255705,0,32,30,62,425128.57,267782.52,692911.09,4,0.462264,0.496221,143.977263,0.026105,0.019935,0.001778,0.177777,44
4000,Chefs and Cooks,Food Preparation and Serving,17690.017078,7,124,164,288,2547963,1992374.59,4540337.59,3,0.605769,0.682162,2987.599602,0.094191,0.11426,0.005467,0.66121,95
4430,"Entertainment Attendants and Related Workers, nec",Personal Care and Service,16540.691132,7,66,70,136,469491.83,403313.83,872805.66,3,0.520661,0.566138,173.29147,0.060491,0.060984,0.002812,0.411192,72
4740,Counter and Rental Clerks,Sales and Related,21528.252925,2,63,52,115,393038,285997.9,679035.9,3,0.510417,0.546107,96.807777,0.061661,0.050411,0.002744,0.417793,106
4830,Travel Agents,Sales and Related,29795.380459,2,38,38,76,310804.12,179070.18,489874.3,4,0.485683,0.519274,74.518839,0.037306,0.03454,0.001794,0.250896,80
4900,"Models, Demonstrators, and Product Promoters",Sales and Related,13012.433419,2,52,33,85,282768.3,151973.76,434742.06,4,0.487293,0.516629,140.600759,0.044579,0.033295,0.002472,0.308579,139
5020,Telephone Operators,Office and Administrative Support,24729.663878,7,54,35,89,220234.97,121473.37,341708.34,4,0.487832,0.518519,58.489412,0.052312,0.033214,0.0024,0.362302,51
5140,Payroll and Timekeeping Clerks,Office and Administrative Support,35933.65161,7,59,59,118,453438.57,355629.77,809068.34,3,0.50748,0.549509,164.19408,0.050804,0.053667,0.002817,0.362048,9
5230,"Credit Authorizers, Checkers, and Clerks",Office and Administrative Support,37799.091416,7,32,27,59,134332.94,77797.76,212130.7,4,0.469649,0.499433,42.630451,0.029699,0.024544,0.001646,0.204603,20
6005,"First-Line Supervisors of Farming, Fishing, and Forestry Workers","Farming, Fisheries, and Forestry",34907.53168,7,7,6,13,14935.81,10557.18,25492.99,4,0.436202,0.45616,3.558515,0.008897,0.005374,0.00054,0.046564,106
6260,Construction Laborers,Construction,27524.548406,7,63,45,108,331878.74,143521.95,475400.69,4,0.509827,0.540816,1125.092871,0.051446,0.038546,0.003058,0.348363,168
8220,"Metal workers and plastic workers, nec",Production,28497.077357,7,53,60,113,335008.08,266570.5,601578.58,4,0.520047,0.558579,720.810393,0.038333,0.038668,0.002673,0.251934,161
700,Logisticians,Business Operations Specialists,58895.342719,1,21,25,46,170260.97,96744.09,267005.06,4,0.46519,0.494709,16.651488,0.018776,0.020568,0.001137,0.124054,14
3410,Health Diagnosing and Treating Practitioner Support Technicians,Healthcare Practitioners and Technicians,31280.667989,0,95,100,195,1325886.26,1332090.18,2657976.44,3,0.547826,0.604686,733.199209,0.077556,0.080617,0.004486,0.548244,0
4350,Nonfarm Animal Caretakers,Personal Care and Service,16726.615406,7,67,65,132,794476.42,502108.8,1296585.22,3,0.520047,0.56198,309.265979,0.056454,0.052872,0.002992,0.384744,113
4510,"Hairdressers, Hairstylists, and Cosmetologists",Personal Care and Service,16226.882599,7,101,90,191,2268496.29,1654384.85,3922881.14,3,0.540441,0.592971,761.147532,0.083877,0.073162,0.004567,0.593132,140
4520,"Personal Appearance Workers, nec",Personal Care and Service,19278.453276,7,63,41,104,1123344.04,702772.61,1826116.65,4,0.493841,0.527211,157.044707,0.055924,0.033765,0.002836,0.380937,74
4940,Telemarketers,Sales and Related,18682.587035,7,72,66,138,485602.03,243631.78,729233.81,3,0.521277,0.563492,428.989335,0.065326,0.053877,0.003134,0.451145,29
7010,"Computer, Automated Teller, and Office Machine Repairers","Installation, Maintenance, and Repair",40673.495993,3,34,33,67,104239.75,123388.84,227628.59,4,0.469149,0.50359,1007.792168,0.023379,0.014855,0.002592,0.155502,174
8760,"Medical, Dental, and Ophthalmic Laboratory Technicians",Production,30265.169952,7,50,46,96,189926.48,158710.15,348636.63,4,0.494949,0.531746,488.504451,0.033438,0.031455,0.002519,0.22505,135
1550,"Engineering Technicians, Except Drafters",Technicians,40616.571036,5,57,53,110,242764.77,164927.89,407692.66,4,0.506897,0.544785,517.788163,0.043996,0.040544,0.002783,0.300914,42
4060,"Counter Attendant, Cafeteria, Food Concession, and Coffee Shop",Food Preparation and Serving,9399.825486,7,67,90,157,743489.23,682958.87,1426448.1,3,0.546468,0.596372,402.186313,0.058975,0.077122,0.002922,0.399718,119
8800,Packaging and Filling Machine Operators and Tenders,Production,22927.90498,7,89,90,179,798685.11,583997.98,1382683.09,3,0.541769,0.593726,2180.407904,0.056377,0.053636,0.004412,0.383763,11
820,Budget Analysts,Financial Specialists,65335.265552,1,20,20,40,83799.64,104919.91,188719.55,4,0.436634,0.467687,28.361205,0.01462,0.013377,0.001298,0.102089,25
1360,Civil Engineers,Architecture and Engineering,68458.944223,3,27,23,50,142879.04,143072.62,285951.66,4,0.443662,0.476002,271.168627,0.017133,0.01149,0.001878,0.117984,69
9000,Supervisors of Transportation and Material Moving Workers,Transportation and Material Moving,38960.727999,7,21,27,48,155175.18,113090.35,268265.53,4,0.476757,0.504346,180.646238,0.018227,0.022538,0.001224,0.112464,15
1430,"Industrial Engineers, including Health and Safety",Architecture and Engineering,78462.654727,3,26,23,49,122957.79,113217.63,236175.42,4,0.4647,0.49263,635.052965,0.016311,0.012705,0.002081,0.111975,69
3510,Medical Records and Health Information Technicians,Healthcare Practitioners and Technicians,37509.843611,0,52,47,99,448001.31,346939.26,794940.57,4,0.491639,0.530423,139.290447,0.044146,0.041227,0.002423,0.312962,23
7840,Food Batchmakers,Production,22039.778123,7,52,52,104,272147.26,259052.83,531200.09,4,0.510417,0.546485,291.114647,0.038432,0.039552,0.002553,0.258223,142
9620,"Laborers and Freight, Stock, and Material Movers, Hand",Transportation and Material Moving,21230.516405,7,130,147,277,1988229.06,1442656.77,3430885.83,3,0.590361,0.662132,3876.011043,0.089954,0.102303,0.0066,0.62947,128
1610,Biological Scientists,"Life, Physical, and Social Science",55544.595181,5,29,29,58,155404.18,133928.95,289333.13,4,0.470149,0.501134,382.931181,0.020833,0.020737,0.001924,0.146062,43
1910,Biological Technicians,"Life, Physical, and Social Science",31920.259394,5,32,21,53,99416.45,54142.24,153558.69,4,0.461297,0.488851,85.134394,0.023962,0.016548,0.001795,0.162157,84
3030,Dieticians and Nutritionists,Healthcare Practitioners and Technicians,44536.29853,0,38,27,65,265140.08,191875.27,457015.35,4,0.474704,0.502834,187.39909,0.032006,0.023182,0.002744,0.23189,26
3300,Clinical Laboratory Technologists and Technicians,Healthcare Practitioners and Technicians,42475.232151,0,55,62,117,774446.42,718667.85,1493114.27,4,0.520047,0.560091,282.937584,0.052415,0.051804,0.002511,0.358329,110
3500,Licensed Practical and Licensed Vocational Nurses,Healthcare Practitioners and Technicians,36076.880929,0,67,65,132,1472446.26,2542402.01,4014848.27,4,0.516393,0.560091,406.85431,0.061667,0.051041,0.003342,0.445255,45
4250,Grounds Maintenance Workers,Building and Grounds Cleaning and Maintenance,15372.815362,7,56,70,126,355368.33,345159.35,700527.68,3,0.531325,0.572562,512.427212,0.051381,0.057114,0.002674,0.355526,167
5420,"Information and Record Clerks, All Other",Office and Administrative Support,26668.047012,7,92,86,178,637619.38,449965.37,1087584.75,3,0.535844,0.587302,372.633398,0.07858,0.072539,0.003997,0.551407,48
5550,Postal Service Mail Carriers,Office and Administrative Support,43394.266997,6,43,35,78,265686.48,280075.65,545762.13,4,0.493841,0.522676,86.291078,0.039928,0.03227,0.002073,0.276262,78
5850,"Mail Clerks and Mail Machine Operators, Except Postal Service",Office and Administrative Support,23530.810756,7,47,50,97,228853.57,189002.49,417856.06,3,0.504,0.540438,139.116791,0.0436,0.040421,0.002175,0.296071,63
6050,"Agricultural workers, nec","Farming, Fisheries, and Forestry",15926.398712,7,65,77,142,681098.49,413015.03,1094113.52,3,0.536496,0.580877,826.479118,0.055873,0.064501,0.003011,0.383738,154
8350,"Tailors, Dressmakers, and Sewers",Production,17248.211068,7,57,54,111,309859.64,203996.72,513856.36,4,0.513388,0.549887,551.870813,0.040192,0.036967,0.002888,0.276315,160
9610,Cleaners of Vehicles and Equipment,Transportation and Material Moving,20037.779975,7,53,41,94,334523.75,193879.11,528402.86,4,0.504,0.534203,435.457149,0.0459,0.034438,0.003008,0.314472,57
330,Gaming Managers,"Management in Business, Science, and Arts",43519.745603,1,9,11,20,17286.5,23606.15,40892.65,4,0.444109,0.46712,19.200266,0.010032,0.009523,0.000643,0.058524,166
360,Natural Science Managers,"Management in Business, Science, and Arts",78291.272197,1,6,8,14,25252.03,21376.22,46628.25,4,0.418009,0.44161,1.005843,0.004581,0.007037,0.000608,0.034459,77
1540,Drafters,Architecture and Engineering,37825.197595,5,29,24,53,108110.18,124310.55,232420.73,4,0.479869,0.504535,80.171046,0.028005,0.020173,0.001542,0.190974,15
1650,"Medical Scientists, and Life Scientists, All Other","Life, Physical, and Social Science",69299.26806,5,54,28,82,237570.41,178238.09,415808.5,4,0.462749,0.495087,298.97186,0.041889,0.018492,0.003239,0.302948,31
1820,Psychologists,"Life, Physical, and Social Science",46668.770624,5,44,37,81,256826.16,171030.8,427856.96,4,0.479348,0.514172,210.552818,0.035395,0.02892,0.002436,0.259196,86
2440,Library Technicians,"Education, Training, and Library",21763.985814,7,18,22,40,120336.21,92642.48,212978.69,4,0.461297,0.48904,6.563038,0.018391,0.020276,0.000989,0.119448,116
2760,"Entertainers and Performers, Sports and Related Workers, All Other","Arts, Design, Entertainment, Sports, and Media",16253.493234,5,39,25,64,166129.81,68875.82,235005.63,4,0.466667,0.496032,38.088202,0.033186,0.021598,0.001832,0.221444,85
2860,"Media and Communication Workers, nec","Arts, Design, Entertainment, Sports, and Media",29003.321024,5,33,33,66,238797.27,191981.68,430778.95,4,0.484083,0.51455,55.068143,0.029745,0.030408,0.00168,0.205583,52
2920,"Television, Video, and Motion Picture Camera Operators and Editors","Arts, Design, Entertainment, Sports, and Media",54341.004411,5,17,10,27,51299.11,30141.09,81440.2,4,0.413696,0.439531,2.869551,0.014475,0.007212,0.00099,0.093405,17
3210,Recreational Therapists,Healthcare Practitioners and Technicians,39616.879542,0,10,9,19,43238.82,12224.4,55463.22,4,0.442327,0.464097,5.548059,0.009829,0.008551,0.000734,0.060054,44
3230,Speech Language Pathologists,Healthcare Practitioners and Technicians,52597.960552,0,31,25,56,309928.03,196070.6,505998.63,4,0.455579,0.486961,42.292101,0.029537,0.019129,0.001719,0.207887,12
7940,"Rolling Machine Setters, Operators, and Tenders, metal and Plastic",Production,24090.438282,7,6,7,13,7502.89,7749.05,15251.94,4,0.408333,0.431784,1.309567,0.00453,0.004713,0.000583,0.032334,120
8920,"Molders, Shapers, and Casters, Except Metal and Plastic",Production,12978.494196,7,20,28,48,63405.54,72378.31,135783.85,4,0.474704,0.503968,59.290179,0.017325,0.019544,0.001093,0.107978,60
1560,Surveying and Mapping Technicians,Technicians,34483.646247,5,13,11,24,36977.79,24215.64,61193.43,4,0.460334,0.480159,5.498854,0.012163,0.010837,0.000824,0.071769,15
1760,"Physical Scientists, nec","Life, Physical, and Social Science",75473.448676,5,32,29,61,199968.68,210179.15,410147.83,4,0.476242,0.506047,313.930741,0.021583,0.019444,0.002347,0.156484,43
3110,Physician Assistants,Healthcare Practitioners and Technicians,73070.988525,0,32,23,55,237495.05,173302.05,410797.1,4,0.45092,0.482237,165.303114,0.025372,0.015758,0.002274,0.180521,81
3900,Animal Control,Protective Service,31786.745501,7,9,5,14,46147.76,16563.24,62711,4,0.412535,0.434618,2.035308,0.008286,0.004822,0.000694,0.058191,166
3940,Crossing Guards,Protective Service,14092.073988,7,19,24,43,112734.76,77063.98,189798.74,3,0.485149,0.507937,19.781969,0.021273,0.022043,0.000989,0.132542,30
3950,"Law enforcement workers, nec",Protective Service,18424.454311,7,43,72,115,219447.06,349876.61,569323.67,3,0.524376,0.569917,115.045285,0.041811,0.061011,0.001942,0.278651,7
5220,"Court, Municipal, and License Clerks",Office and Administrative Support,37784.191196,7,40,41,81,259357.81,203940.04,463297.85,4,0.487293,0.522676,33.686245,0.039102,0.035729,0.001891,0.273779,34
5320,"Library Assistants, Clerical",Office and Administrative Support,17603.493689,7,65,54,119,362326.85,266559.71,628886.56,3,0.502278,0.542328,147.750415,0.061638,0.045617,0.002809,0.425091,33
7340,"Maintenance and Repair Workers, General","Installation, Maintenance, and Repair",35094.75949,3,33,30,63,89069.96,85043.2,174113.16,4,0.482495,0.51096,1719.568503,0.020551,0.016393,0.002432,0.138313,174
7730,Engine and Other Machine Assemblers,Production,29162.464272,7,4,6,10,6269.75,9122.69,15392.44,4,0.425676,0.447468,17.58773,0.002654,0.004589,0.000483,0.016902,129
8140,"Welding, Soldering, and Brazing Workers",Production,28371.326944,7,36,35,71,169853.57,114661.89,284515.46,4,0.483553,0.515873,689.996656,0.02696,0.020334,0.001845,0.174091,129
8320,Sewing Machine Operators,Production,17408.527112,7,76,89,165,692339.19,559996.93,1252336.12,4,0.537805,0.591081,1301.008016,0.049948,0.056854,0.003605,0.337986,8
8740,"Inspectors, Testers, Sorters, Samplers, and Weighers",Production,34022.273988,7,117,140,257,999065.69,942342.2,1941407.89,3,0.584106,0.653817,5424.762104,0.074575,0.088646,0.006131,0.519825,4
8830,Photographic Process Workers and Processing Machine Operators,Production,23678.496286,7,46,55,101,144279.81,134874.07,279153.88,3,0.513388,0.550265,315.665742,0.036935,0.0438,0.002251,0.247393,63
9640,"Packers and Packagers, Hand",Transportation and Material Moving,19895.743489,7,90,112,202,1299526.85,1131739.15,2431266,4,0.558228,0.619803,1705.433677,0.065209,0.076517,0.004333,0.448861,59
6320,"Construction equipment operators except paving, surfacing, and tamping equipment operators",Construction,41605.368813,7,6,16,22,17035.32,45756.73,62792.05,4,0.445005,0.471844,454.281221,0.004696,0.009821,0.000569,0.021213,166
860,Insurance Underwriters,Financial Specialists,55320.584053,1,28,35,63,162378.65,228300.29,390678.94,3,0.465681,0.50189,85.712165,0.024812,0.025997,0.001555,0.173965,20
3320,Diagnostic Related Technologists and Technicians,Healthcare Practitioners and Technicians,52478.999141,0,43,36,79,666797.44,513755.09,1180552.53,4,0.474194,0.509448,71.978451,0.040634,0.0292,0.002059,0.282567,31
3620,Physical Therapist Assistants and Aides,Healthcare Support,35563.971246,4,23,22,45,190793.53,158879.48,349673.01,4,0.469149,0.495465,25.957442,0.023362,0.017993,0.001239,0.156542,16
9650,Pumping Station Operators,Transportation and Material Moving,20804.320146,7,7,11,18,14331.34,23069.62,37400.96,4,0.457944,0.478458,0.341067,0.009155,0.011672,0.000562,0.05041,131
1930,"Geological and Petroleum Technicians, and Nuclear Technicians","Life, Physical, and Social Science",50847.522864,5,6,4,10,13184.95,7258.64,20443.59,4,0.428155,0.448413,0.594605,0.005665,0.003316,0.000562,0.030662,84
2700,"Actors, Producers, and Directors","Arts, Design, Entertainment, Sports, and Media",63685.693681,5,35,54,89,272696.46,286999.78,559696.24,4,0.505155,0.544596,58.595334,0.031721,0.04617,0.001743,0.221401,139
3240,"Therapists, nec",Healthcare Practitioners and Technicians,39929.455462,0,40,46,86,524597.8,334523.79,859121.59,3,0.496622,0.532502,323.577415,0.035162,0.036014,0.002141,0.24635,26
5250,"Eligibility Interviewers, Government Programs",Office and Administrative Support,40346.429255,7,52,40,92,230402.58,152081.61,382484.19,3,0.47779,0.514739,93.429192,0.048969,0.035733,0.00247,0.342504,115
6200,First-Line Supervisors of Construction Trades and Extraction Workers,Construction,44553.890778,7,22,14,36,77737.47,26219.92,103957.39,4,0.425265,0.453326,154.299276,0.016892,0.008976,0.001491,0.113793,166
6420,"Painters, Construction and Maintenance",Construction,19883.158174,7,52,43,95,227904.68,140563.6,368468.28,4,0.492737,0.528156,2259.787851,0.033777,0.026563,0.003534,0.22924,169
1640,Conservation Scientists and Foresters,"Life, Physical, and Social Science",58940.452022,5,17,5,22,36193.97,7483.86,43677.83,5,0.342391,0.357294,14.400448,0.012367,0.001224,0.00135,0.081943,43
2050,"Directors, Religious Activities and Education",Community and Social Services,30702.685964,5,20,13,33,116076.48,108782.31,224858.79,4,0.446356,0.471088,9.274698,0.018545,0.011205,0.001123,0.124229,82
2430,Librarians,"Education, Training, and Library",39092.651566,7,53,55,108,405998.51,325774.86,731773.37,4,0.501136,0.542517,132.274695,0.04749,0.041816,0.002414,0.333641,117
3820,Police Officers and Detectives,Protective Service,60187.504962,6,45,35,80,277519.13,185955.44,463474.57,4,0.480916,0.513416,148.550573,0.04003,0.028819,0.002228,0.281271,109
4240,Pest Control Workers,Building and Grounds Cleaning and Maintenance,33165.971631,7,7,10,17,19382.32,16416.44,35798.76,4,0.453704,0.473923,1.028868,0.007202,0.010491,0.000567,0.036894,64
5920,Statistical Assistants,Office and Administrative Support,34789.473695,7,38,22,60,114712.97,62664.53,177377.5,4,0.460334,0.488284,46.559028,0.037907,0.019574,0.001778,0.265788,13
6660,Construction and Building Inspectors,Construction,78378.937064,7,15,11,26,46704.72,37410.49,84115.21,4,0.428988,0.45446,635.876256,0.007929,0.004285,0.001541,0.047421,169
7000,"First-Line Supervisors of Mechanics, Installers, and Repairers","Installation, Maintenance, and Repair",45278.139879,3,17,13,30,39395.91,27313.1,66709.01,4,0.45092,0.474301,59.318494,0.013881,0.010697,0.00126,0.089319,174
500,"Agents and Business Managers of Artists, Performers, and Athletes",Business Operations Specialists,44203.186979,1,22,20,42,116934.65,45727.36,162662.01,4,0.452308,0.480348,12.954245,0.020231,0.017574,0.001211,0.130823,32
600,Cost Estimators,Business Operations Specialists,59162.201905,1,15,16,31,61062.23,63849.39,124911.62,4,0.430664,0.459751,8.363576,0.015272,0.011473,0.000938,0.111393,32
930,"Tax Examiners and Collectors, and Revenue Agents",Financial Specialists,47267.416334,1,31,20,51,158081.91,117033.37,275115.28,4,0.436634,0.467498,36.782512,0.029104,0.013657,0.00164,0.199426,25
1310,"Surveyors, Cartographers, and Photogrammetrists",Architecture and Engineering,41748.236812,1,7,13,20,10653.22,29524.42,40177.64,4,0.45,0.473545,18.338404,0.006037,0.011074,0.000745,0.046102,38
1350,Chemical Engineers,Architecture and Engineering,91083.615527,3,14,7,21,67292.07,27930.03,95222.1,4,0.417614,0.440854,58.011373,0.006579,0.00317,0.001284,0.0373,69
1460,Mechanical Engineers,Architecture and Engineering,74608.517808,3,15,15,30,64977.32,76345.37,141322.69,4,0.415646,0.4452,157.732033,0.007104,0.006472,0.001433,0.038999,69
1520,"Petroleum, mining and geological engineers, including mining safety engineers",Architecture and Engineering,88954.996233,3,7,3,10,16418.15,10777.32,27195.47,5,0.340804,0.353137,446.093112,0.005778,0.000553,0.000833,0.02925,69
1530,"Engineers, nec",Architecture and Engineering,88087.508473,3,29,19,48,210576.15,154484.31,365060.46,4,0.434911,0.46542,272.093221,0.019561,0.008869,0.001973,0.127868,69
1740,Environmental Scientists and Geoscientists,"Life, Physical, and Social Science",68541.603745,5,18,15,33,59193.62,51126.96,110320.58,4,0.426499,0.455215,71.878149,0.015325,0.007912,0.001357,0.102606,43
3150,Occupational Therapists,Healthcare Practitioners and Technicians,56950.133886,0,19,19,38,302187.64,154781.25,456968.89,4,0.430664,0.462207,56.666964,0.014582,0.013446,0.001364,0.097315,44
3260,"Health Diagnosing and Treating Practitioners, nec",Healthcare Practitioners and Technicians,23380.749284,0,17,15,32,71902.43,51281.14,123183.57,4,0.406827,0.436886,9.409951,0.012443,0.009289,0.001015,0.07972,107
3400,Emergency Medical Technicians and Paramedics,Healthcare Practitioners and Technicians,40238.583162,0,33,30,63,286357.05,242988.03,529345.08,4,0.478308,0.507937,19.027449,0.032325,0.027398,0.001595,0.22308,94
3740,Firefighters,Protective Service,53293.668798,5,7,12,19,16679.39,11579.41,28258.8,4,0.458897,0.47997,4.401766,0.007798,0.011943,0.00062,0.04534,84
3800,"Sheriffs, Bailiffs, Correctional Officers, and Jailers",Protective Service,38793.383151,6,51,47,98,276577.11,219885.09,496462.2,4,0.503425,0.538171,343.640623,0.047993,0.041233,0.002326,0.320307,30
3910,Private Detectives and Investigators,Protective Service,46763.669677,7,24,20,44,131875.84,136959.14,268834.98,4,0.467656,0.492819,35.942003,0.021947,0.017901,0.001311,0.142436,66
5510,Couriers and Messengers,Office and Administrative Support,27252.34983,7,68,67,135,579157.44,277620.61,856778.05,3,0.521893,0.564626,776.003387,0.060106,0.058264,0.003266,0.418428,115
5630,"Weighers, Measurers, Checkers, and Samplers, Recordkeeping",Office and Administrative Support,28548.190475,7,32,29,61,158143.48,94870.79,253014.27,4,0.485683,0.512283,26.582904,0.030741,0.02874,0.001541,0.207233,73
6355,Electricians,Construction,40336.350546,7,17,14,31,38860.44,19526.17,58386.61,4,0.451382,0.476002,56.900705,0.015507,0.010337,0.001136,0.098929,166
6360,Glaziers,Construction,25041.083002,7,5,3,8,12056.94,3739.35,15796.29,4,0.39375,0.41421,3.739634,0.001906,0.001825,0.000735,0.015994,169
6940,"Extraction workers, nec",Extraction,90061.938198,1,8,7,15,12413.72,16679.82,29093.54,4,0.447716,0.466931,927.859675,0.006842,0.005823,0.000791,0.03735,26
7150,Automotive Body and Related Repairers,"Installation, Maintenance, and Repair",21943.752771,3,10,6,16,22545.16,12715.57,35260.73,4,0.413696,0.435752,32.520334,0.007024,0.003082,0.001037,0.04022,174
7420,Telecommunications Line Installers and Repairers,"Installation, Maintenance, and Repair",57169.828832,3,18,17,35,40200.48,37908.98,78109.46,4,0.415646,0.446145,275.841332,0.010304,0.00496,0.001607,0.061709,174
7630,"Other Installation, Maintenance, and Repair Workers Including Wind Turbine Service Technicians, and Commercial Divers, and Signal and Track Switch Repairers","Installation, Maintenance, and Repair",26172.51048,3,19,17,36,66933.3,44379.66,111312.96,4,0.449541,0.47619,725.579469,0.012531,0.009926,0.001945,0.078615,174
7855,"Food Processing, nec",Production,30799.715749,7,31,28,59,160888.3,146856.18,307744.48,4,0.457469,0.491119,106.179234,0.020403,0.014498,0.001677,0.131398,68
8250,Prepress Technicians and Workers,Production,26691.458266,7,28,24,52,59120.54,51190.92,110311.46,4,0.473684,0.5,488.380001,0.018059,0.017782,0.001693,0.110253,146
8300,Laundry and Dry-Cleaning Workers,Production,20400.336492,7,89,65,154,600885.11,433904.04,1034789.15,4,0.513986,0.558768,1175.460961,0.053004,0.041823,0.00457,0.364646,167
8310,"Pressers, Textile, Garment, and Related Materials",Production,15755.287664,7,43,41,84,165266.07,120387.11,285653.18,4,0.494949,0.528345,199.5625,0.03,0.029364,0.002156,0.200536,60
8420,"Textile Winding, Twisting, and Drawing Out Machine Setters, Operators, and Tenders",Production,22216.101081,7,20,22,42,50239.44,68237.12,118476.56,4,0.463722,0.491308,30.60205,0.013438,0.014,0.001195,0.080628,135
8600,"Power Plant Operators, Distributors, and Dispatchers",Production,43052.939052,7,8,3,11,12290.61,6577.68,18868.29,4,0.370588,0.387944,0.127049,0.008082,0.001924,0.000599,0.042409,120
8650,"Crushing, Grinding, Polishing, Mixing, and Blending Workers",Production,28238.900583,7,21,21,42,58552.85,63087.22,121640.07,4,0.460815,0.488284,56.58347,0.019251,0.013555,0.001189,0.123512,105
8750,Jewelers and Precious Stone and Metal Workers,Production,21053.980041,7,35,24,59,122919.78,58378.94,181298.72,4,0.435341,0.469577,178.176807,0.022048,0.011675,0.001923,0.1455,164
9750,"Material moving workers, nec",Transportation and Material Moving,27153.266004,7,18,9,27,35764.8,26317.23,62082.03,4,0.445905,0.467309,69.931375,0.014485,0.007715,0.001122,0.089436,79
510,"Buyers and Purchasing Agents, Farm Products",Business Operations Specialists,43324.743224,1,8,4,12,14222.45,6218.1,20440.55,4,0.400545,0.422147,1.247585,0.007402,0.003193,0.000614,0.040236,20
4640,Residential Advisors,Personal Care and Service,20745.065244,7,35,38,73,155029.78,144204.22,299234,4,0.496622,0.526833,112.098654,0.032338,0.034393,0.001863,0.217834,96
8910,"Etchers, Engravers, and Lithographers",Production,21463.838679,7,18,13,31,41018.95,26652.22,67671.17,4,0.418009,0.445767,12.452303,0.01479,0.006392,0.001007,0.090836,164
810,Appraisers and Assessors of Real Estate,Financial Specialists,38237.081227,1,24,15,39,114057.06,94940.42,208997.48,4,0.432777,0.460317,22.739905,0.019111,0.01034,0.0015,0.132755,25
4210,"First-Line Supervisors of Landscaping, Lawn Service, and Groundskeeping Workers",Building and Grounds Cleaning and Maintenance,20805.899699,7,11,15,26,79734.62,49307.91,129042.53,4,0.465681,0.48715,104.090057,0.008067,0.013062,0.000838,0.046917,109
5150,Procurement Clerks,Office and Administrative Support,45364.215963,7,10,18,28,46249.87,40015.94,86265.81,4,0.446809,0.474679,6.964446,0.010662,0.017229,0.000711,0.066541,20
3310,Dental Hygienists,Healthcare Practitioners and Technicians,44593.007698,0,25,28,53,444884.47,346175.58,791060.05,3,0.47779,0.505669,22.990399,0.022426,0.027099,0.001323,0.149229,64
5165,"Financial Clerks, nec",Office and Administrative Support,48491.432499,7,29,27,56,178037.38,129914.71,307952.09,3,0.472163,0.500756,18.541768,0.025781,0.024424,0.001442,0.1769,33
7950,"Cutting, Punching, and Press Machine Setters, Operators, and Tenders, Metal and Plastic",Production,25175.443033,7,25,27,52,75959.07,82868.69,158827.76,4,0.467656,0.49811,40.625141,0.016411,0.017072,0.001348,0.100287,146
1410,Electrical and Electronics Engineers,Architecture and Engineering,82494.510524,3,19,18,37,70661.53,84421.28,155082.81,4,0.433628,0.463908,153.235536,0.012647,0.008029,0.001323,0.074742,69
3250,Veterinarians,Healthcare Practitioners and Technicians,78638.047257,0,25,2,27,89060.79,4138.25,93199.04,5,0.363262,0.381859,20.77082,0.020317,0.001145,0.001595,0.147164,44
8610,Stationary Engineers and Boiler Operators,Production,47582.971555,7,9,6,15,16391.45,8659.26,25050.71,4,0.361475,0.380008,7.187657,0.005447,0.00163,0.000725,0.039862,135
5500,Cargo and Freight Agents,Office and Administrative Support,36613.913068,7,13,17,30,36209.58,55023.72,91233.3,4,0.445905,0.473167,5.282033,0.015212,0.015547,0.000772,0.093158,9
1230,Statisticians,Computer and Mathematical,55765.045871,3,7,10,17,17668.32,21199.8,38868.12,4,0.433202,0.457294,6.149058,0.00594,0.007748,0.000636,0.033617,86
5030,"Communications Equipment Operators, All Other",Office and Administrative Support,32992.77729,7,16,8,24,29672.82,21221.71,50894.53,4,0.446809,0.467498,2.265698,0.016654,0.00768,0.000914,0.108582,9
6330,"Drywall Installers, Ceiling Tile Installers, and Tapers",Construction,22599.488818,7,9,13,22,30522.06,33099.33,63621.39,4,0.463722,0.484505,94.145942,0.007157,0.009814,0.000774,0.038847,166
1710,Atmospheric and Space Scientists,"Life, Physical, and Social Science",69742.671006,5,6,5,11,15403.35,6449.5,21852.85,4,0.403846,0.425737,2.27494,0.003931,0.003129,0.000753,0.032826,43
3610,Occupational Therapy Assistants and Aides,Healthcare Support,38841.335234,4,12,7,19,90626.45,54433.45,145059.9,4,0.407579,0.431217,3.721991,0.011395,0.005011,0.000793,0.067174,44
5130,Gaming Cage Workers,Office and Administrative Support,27538.536443,7,13,16,29,43364.38,19999.23,63363.61,4,0.453704,0.478647,12.201598,0.017434,0.013692,0.000764,0.107055,73
5540,Postal Service Clerks,Office and Administrative Support,44233.12762,6,24,19,43,227848.11,133857.26,361705.37,4,0.472669,0.495843,11.053204,0.024124,0.017911,0.00123,0.156301,160
9600,Industrial Truck and Tractor Operators,Transportation and Material Moving,30787.485918,7,25,30,55,162913.54,160712.45,323625.99,4,0.483023,0.511716,181.942271,0.019946,0.021435,0.001504,0.12951,68
900,Financial Examiners,Financial Specialists,69596.071163,1,7,6,13,11951.8,32505.87,44457.67,4,0.361179,0.380008,1.230581,0.004639,0.002754,0.000581,0.020962,25
9030,Aircraft Pilots and Flight Engineers,Transportation and Material Moving,88593.659805,7,6,5,11,29894.17,25051.16,54945.33,4,0.389576,0.411943,1.825501,0.004232,0.003813,0.000524,0.013004,15
3000,Chiropractors,Healthcare Practitioners and Technicians,58510.957767,0,9,8,17,59761.69,25300.37,85062.06,4,0.388204,0.412698,5.84525,0.006031,0.005672,0.001182,0.042678,81
4530,"Baggage Porters, Bellhops, and Concierges",Personal Care and Service,24406.710467,7,24,22,46,102568.24,84563.98,187132.22,4,0.457469,0.486584,10.73081,0.023269,0.019432,0.001211,0.151899,53
7720,"Electrical, Electronics, and Electromechanical Assemblers",Production,29201.919112,7,53,82,135,364296.33,419549.17,783845.5,4,0.523753,0.577664,558.863021,0.038119,0.05157,0.002576,0.260094,125
7830,"Food and Tobacco Roasting, Baking, and Drying Machine Operators and Tenders",Production,23068.121344,7,10,9,19,16780.66,29815.03,46595.69,4,0.442327,0.464475,3.835783,0.007987,0.007219,0.000727,0.042113,142
3710,First-Line Supervisors of Police and Detectives,Protective Service,67787.093234,6,10,12,22,38136.83,42111.75,80248.58,4,0.426912,0.45257,202.800632,0.006608,0.00852,0.000847,0.036659,109
1320,Aerospace Engineers,Architecture and Engineering,84219.146878,3,13,8,21,64546.03,37959.26,102505.29,4,0.365066,0.38681,14.218204,0.006079,0.001815,0.001145,0.036864,69
5900,"Office Machine Operators, Except Computer",Office and Administrative Support,23158.172732,7,31,33,64,111728.56,100601.46,212330.02,4,0.480392,0.511527,24.234129,0.031881,0.032069,0.001582,0.219768,51
1920,Chemical Technicians,"Life, Physical, and Social Science",43808.528913,5,22,23,45,105769.92,90992.57,196762.49,4,0.46519,0.493008,59.074035,0.018649,0.018755,0.001331,0.122033,84
2800,Announcers,"Arts, Design, Entertainment, Sports, and Media",38403.919136,5,11,13,24,57706.43,30595.9,88302.33,4,0.443216,0.468065,3.374578,0.009673,0.011578,0.000744,0.055867,85
2900,"Broadcast and Sound Engineering Technicians and Radio Operators, and media and communication equipment workers, all other","Arts, Design, Entertainment, Sports, and Media",36874.29004,5,19,13,32,60460.46,47061.25,107521.71,4,0.447716,0.471466,15.488638,0.016692,0.010852,0.001075,0.105454,62
1200,Actuaries,Computer and Mathematical,97935.05069,3,9,3,12,31950.79,36054.35,68005.14,4,0.3675,0.384165,7.891719,0.005404,0.001338,0.001442,0.030086,86
2750,"Musicians, Singers, and Related Workers","Arts, Design, Entertainment, Sports, and Media",17346.636389,5,30,39,69,246097.63,218921.56,465019.19,4,0.486755,0.521164,39.819386,0.028294,0.034539,0.001495,0.189718,40
6600,"Helpers, Construction Trades",Construction,21375.373886,7,11,12,23,27206.43,31685.48,58891.91,4,0.442327,0.466553,187.179403,0.00892,0.005366,0.001008,0.048762,169
7900,Computer Control Programmers and Operators,Production,37341.90287,7,13,10,23,27359.12,30704.74,58063.86,4,0.421203,0.446523,49.74351,0.007647,0.006476,0.000916,0.048358,173
9410,Transportation Inspectors,Transportation and Material Moving,39487.287662,7,9,12,21,27864.1,29083.52,56947.62,4,0.453704,0.475435,7.557177,0.009433,0.007981,0.000658,0.04847,57
1400,Computer Hardware Engineers,Architecture and Engineering,77759.737581,3,14,11,25,46943.48,30212.83,77156.31,4,0.407202,0.434051,45.768129,0.004848,0.003943,0.001336,0.024934,69
1420,Environmental Engineers,Architecture and Engineering,92246.469421,3,9,10,19,17220.05,40363.57,57583.62,4,0.366889,0.392101,22.096654,0.005117,0.003196,0.00088,0.028046,69
1450,Materials Engineers,Architecture and Engineering,79422.690109,3,7,8,15,15779.88,17429.32,33209.2,5,0.375639,0.399055,4.735077,0.004308,0.002025,0.000759,0.020703,69
6440,"Pipelayers, Plumbers, Pipefitters, and Steamfitters",Construction,41843.855747,7,13,14,27,42319.3,29521.85,71841.15,4,0.445005,0.470522,185.950287,0.00647,0.007524,0.001278,0.036159,169
1440,Marine Engineers and Naval Architects,Architecture and Engineering,81009.180431,3,4,0,4,4206.93,0,4206.93,0,0,0,0,0.003404,0,0.000507,0.010151,69
4400,Gaming Services Workers,Personal Care and Service,34963.914049,7,28,30,58,145438.24,167106.39,312544.63,4,0.482495,0.511338,531.171469,0.026036,0.025937,0.001641,0.173882,171
4930,Sales Engineers,Sales and Related,72167.358306,2,5,7,12,10816.43,11722.35,22538.78,4,0.434055,0.455971,4.15159,0.004733,0.006397,0.000582,0.035926,29
3700,First-Line Supervisors of Correctional Officers,Protective Service,54172.394283,6,7,5,12,43092.29,30551.02,73643.31,4,0.404959,0.426871,7.498998,0.004648,0.00358,0.000626,0.020866,109
6120,Forest and Conservation Workers,"Farming, Fisheries, and Forestry",27961.265507,7,10,6,16,40527.36,12764.16,53291.52,4,0.398374,0.421013,17.169109,0.005577,0.004685,0.000849,0.025402,106
3120,Podiatrists,Healthcare Practitioners and Technicians,55483.243396,0,7,3,10,9004.85,11103.33,20108.18,4,0.384817,0.404384,1.072428,0.003637,0.002741,0.000917,0.022736,44
4340,Animal Trainers,Personal Care and Service,25423.725523,7,20,18,38,151537.33,106755.35,258292.68,4,0.460815,0.486395,12.66105,0.01967,0.016144,0.001151,0.130295,171
1700,Astronomers and Physicists,"Life, Physical, and Social Science",94332.999055,5,4,3,7,4316.26,2615.14,6931.4,5,0.335106,0.348791,0.744672,0.005405,0.001523,0.000462,0.025919,43
1830,Urban and Regional Planners,"Life, Physical, and Social Science",68263.350932,5,7,6,13,39138.14,27380.38,66518.52,4,0.416431,0.439153,4.228925,0.006538,0.004341,0.000627,0.037473,104
9310,Ship and Boat Captains and Operators,Transportation and Material Moving,41343.416789,7,6,3,9,13592.65,8174.48,21767.13,4,0.362366,0.378118,3.670823,0.005396,0.001504,0.000576,0.026855,131
6765,"Construction workers, nec",Construction,15621.78736,7,11,7,18,24269.73,11996.92,36266.65,4,0.429825,0.452192,18.188284,0.008541,0.004337,0.000864,0.046396,169
9630,Machine Feeders and Offbearers,Transportation and Material Moving,21808.498784,7,20,19,39,79199.83,70589.64,149789.47,4,0.475216,0.497354,19.052855,0.017886,0.01665,0.001126,0.114559,79
1900,Agricultural and Food Science Technicians,"Life, Physical, and Social Science",39061.48604,5,17,13,30,35264.14,42238.03,77502.17,4,0.445005,0.469766,28.250889,0.013294,0.008618,0.001065,0.083135,84
8810,Painting Workers and Dyers,Production,25890.986922,7,31,36,67,86610.8,67993.06,154603.86,4,0.485683,0.517574,187.491277,0.018236,0.023914,0.001721,0.117763,169
7100,"Electrical and electronics repairers, transportation equipment, and industrial and utility","Installation, Maintenance, and Repair",42216.812141,3,6,3,9,6016.06,6365.14,12381.2,4,0.354217,0.369426,25.932315,0.003709,0.001069,0.00083,0.028756,174
8640,"Chemical Processing Machine Setters, Operators, and Tenders",Production,40555.892229,7,9,14,23,15494.37,25309.73,40804.1,4,0.442327,0.468254,14.332928,0.007759,0.007772,0.000682,0.043275,142
2740,Dancers and Choreographers,"Arts, Design, Entertainment, Sports, and Media",17800.689205,5,24,23,47,133230.1,59382.26,192612.36,4,0.461297,0.490363,11.606164,0.02164,0.019866,0.001263,0.145803,87
6040,"Graders and Sorters, Agricultural Products","Farming, Fisheries, and Forestry",21696.015112,7,28,40,68,187817.55,167264.74,355082.29,3,0.502851,0.532124,198.645496,0.024604,0.032013,0.001414,0.155343,61
3520,"Opticians, Dispensing",Healthcare Practitioners and Technicians,29330.308513,0,26,30,56,149946.72,113201.97,263148.69,4,0.479348,0.508881,35.679648,0.024826,0.024832,0.001291,0.159355,135
4500,Barbers,Personal Care and Service,13806.158319,7,17,11,28,107570.88,74806.74,182377.62,4,0.423225,0.44898,3.52821,0.015353,0.008586,0.001,0.09971,171
5200,Brokerage Clerks,Office and Administrative Support,34003.963447,1,9,8,17,14928.95,21020.57,35949.52,4,0.425265,0.448602,0.808609,0.01046,0.007795,0.000621,0.058875,96
4460,Funeral Service Workers and Embalmers,Personal Care and Service,35118.380234,7,13,11,24,76437.64,34028.68,110466.32,4,0.427326,0.452759,3.553732,0.010932,0.010307,0.000847,0.065852,171
7430,Precision Instrument and Equipment Repairers,"Installation, Maintenance, and Repair",31666.188749,3,10,10,20,26857.69,18285.93,45143.62,4,0.434911,0.458617,30.661474,0.006102,0.004639,0.000922,0.033307,174
4140,Dishwashers,Food Preparation and Serving,13759.858737,7,33,38,71,365957.4,168702.13,534659.53,4,0.498305,0.528156,76.701819,0.032103,0.035782,0.001543,0.205451,104
4420,"Ushers, Lobby Attendants, and Ticket Takers",Personal Care and Service,10118.47695,7,26,27,53,146086.78,68742.39,214829.17,4,0.481967,0.508125,10.738722,0.025203,0.027442,0.001276,0.163899,82
9360,Automotive and Watercraft Service Attendants,Transportation and Material Moving,22010.979574,7,16,26,42,58747.43,72527.93,131275.36,4,0.478308,0.504913,26.582821,0.015318,0.024606,0.000949,0.091383,110
6220,"Brickmasons, Blockmasons, and Stonemasons",Construction,14351.341984,7,3,3,6,6106.43,5674.08,11780.51,4,0.409851,0.429705,0.015625,0.003804,0.003435,0.000413,0.013855,154
9560,"Conveyor operators and tenders, and hoist and winch operators",Transportation and Material Moving,26444.224664,5,3,3,6,5134.03,2755.45,7889.48,4,0.376923,0.395692,0.102244,0.002797,0.002017,0.000451,0.020116,57
5910,Proofreaders and Copy Markers,Office and Administrative Support,23307.635809,7,14,20,34,50890.21,40247.1,91137.31,4,0.476757,0.499055,2.2842,0.016434,0.0216,0.000827,0.105008,17
6010,Agricultural Inspectors,"Farming, Fisheries, and Forestry",59103.152469,4,4,9,13,11145.49,41235.35,52380.84,4,0.426499,0.45068,6.315473,0.002447,0.005952,0.000511,0.018853,106
8410,"Textile Knitting and Weaving Machine Setters, Operators, and Tenders",Production,20543.063889,7,15,17,32,25884.39,35901.4,61785.79,4,0.455108,0.480915,63.000685,0.013071,0.010482,0.000944,0.078214,135
7510,"Coin, Vending, and Amusement Machine Servicers and Repairers","Installation, Maintenance, and Repair",22144.81772,3,17,12,29,39577.62,19648.69,59226.31,4,0.416824,0.443311,515.009009,0.008872,0.005337,0.00145,0.053933,174
8450,Upholsterers,Production,15436.563742,7,14,9,23,47744.07,18353.24,66097.31,4,0.425676,0.449358,9.191932,0.009679,0.006109,0.000921,0.055112,60
8460,"Textile, Apparel, and Furnishings workers, nec",Production,25039.780025,7,19,12,31,63949.77,35876.69,99826.46,4,0.426499,0.452948,10.520205,0.013586,0.00804,0.001103,0.082615,135
8030,Machinists,Production,29500.099636,7,24,31,55,95141.24,81418.8,176560.04,4,0.466667,0.500378,175.385935,0.01401,0.016051,0.00144,0.089095,164
5560,"Postal Service Mail Sorters, Processors, and Processing Machine Operators",Office and Administrative Support,41907.90962,6,19,19,38,132275.03,138966.38,271241.41,4,0.466173,0.490552,7.929077,0.018673,0.018838,0.001034,0.120117,78
7610,"Helpers--Installation, Maintenance, and Repair Workers","Installation, Maintenance, and Repair",20761.05413,7,7,3,10,14107.19,12849.9,26957.09,4,0.408333,0.42876,2.968397,0.00554,0.002744,0.000687,0.025992,174
7810,"Butchers and Other Meat, Poultry, and Fish Processing Workers",Production,24642.169586,7,55,53,108,368726.68,254418.12,623144.8,4,0.502278,0.542328,609.876151,0.032412,0.032598,0.002956,0.217612,120
8500,Cabinetmakers and Bench Carpenters,Production,22132.079153,7,10,8,18,34729.32,20251.03,54980.35,4,0.411381,0.435185,1.809432,0.009497,0.005033,0.000686,0.053006,68
9350,Parking Lot Attendants,Transportation and Material Moving,18318.119995,7,20,15,35,54399.86,41952.88,96352.74,4,0.462264,0.484505,8.919541,0.020462,0.013396,0.001086,0.131488,154
6100,Fishing and hunting workers,"Farming, Fisheries, and Forestry",19583.068243,7,9,7,16,15849.19,8099.39,23948.58,4,0.421606,0.444444,15.48523,0.006684,0.006452,0.000769,0.033786,106
3040,Optometrists,Healthcare Practitioners and Technicians,89419.382135,0,10,6,16,54985.45,32898.18,87883.63,4,0.399457,0.422714,3.253182,0.007244,0.004256,0.001211,0.052177,44
3140,Audiologists,Healthcare Practitioners and Technicians,54869.772726,0,5,6,11,28771.39,19079.26,47850.65,4,0.398734,0.421391,0.959094,0.002276,0.004657,0.000784,0.026585,44
3200,Radiation Therapists,Healthcare Practitioners and Technicians,63338.629404,0,6,5,11,36504.82,17534.28,54039.1,4,0.365066,0.384354,1.099515,0.004262,0.002926,0.000602,0.020205,44
3220,Respiratory Therapists,Healthcare Practitioners and Technicians,54136.565534,0,20,14,34,261132.49,83717.91,344850.4,4,0.446356,0.471844,50.836905,0.015965,0.009526,0.00122,0.102494,44
8710,Cutting Workers,Production,19167.170973,7,30,27,57,93043.84,75813.69,168857.53,4,0.478308,0.506047,68.459506,0.018908,0.019867,0.00158,0.120298,129
8950,Helpers--Production Workers,Production,18953.203737,7,19,16,35,114847.21,55211.09,170058.3,4,0.453704,0.479025,13.378405,0.01933,0.013235,0.000986,0.119524,126
9420,"Transportation workers, nec",Transportation and Material Moving,47425.429869,7,6,6,12,21533.48,16566.34,38099.82,4,0.407956,0.43065,0.373505,0.006135,0.004988,0.000562,0.041292,127
8000,"Grinding, Lapping, Polishing, and Buffing Machine Tool Setters, Operators, and Tenders, Metal and Plastic",Production,24833.659311,7,18,21,39,48625.27,48459.69,97084.96,4,0.4647,0.491497,43.255009,0.012613,0.015592,0.001158,0.079283,161
9200,Locomotive Engineers and Operators,Transportation and Material Moving,49109.429989,7,7,5,12,10245.83,9000.04,19245.87,4,0.396226,0.417989,5.318744,0.004916,0.003112,0.000745,0.035884,131
3750,Fire Inspectors,Protective Service,39011.893768,6,7,3,10,21448.83,14054.5,35503.33,4,0.362963,0.378685,1.821671,0.008521,0.001583,0.000577,0.047647,30
8100,"Molders and Molding Machine Setters, Operators, and Tenders, Metal and Plastic",Production,24213.835236,7,18,19,37,48021.42,29239.06,77260.48,4,0.448171,0.476568,48.984855,0.015137,0.011406,0.001097,0.095324,125
8400,"Textile bleaching and dyeing, and cutting machine setters, operators, and tenders",Production,18705.361944,7,8,13,21,10725.89,17602.19,28328.08,4,0.439243,0.464853,5.062534,0.007055,0.008351,0.000636,0.048228,146
9150,"Motor Vehicle Operators, All Other",Transportation and Material Moving,21427.033098,7,14,13,27,89346.09,58946.3,148292.39,4,0.45842,0.47997,4.998044,0.01515,0.012381,0.000851,0.092646,171
9260,"Subway, Streetcar, and Other Rail Transportation Workers",Transportation and Material Moving,46568.672098,7,4,2,6,8785.25,4918.08,13703.33,4,0.360884,0.375472,0.080563,0.003372,0.001323,0.000489,0.023631,57
9720,Refuse and Recyclable Material Collectors,Transportation and Material Moving,19735.759889,7,14,9,23,57526.69,32118.52,89645.21,4,0.438806,0.461262,3.63873,0.016021,0.008099,0.000806,0.095257,57
5340,New Account Clerks,Office and Administrative Support,34414.889301,7,15,19,34,55865.33,52379.11,108244.44,4,0.45,0.478458,2.353065,0.01759,0.017307,0.000861,0.110451,38
7260,"Vehicle and Mobile Equipment Mechanics, Installers, and Repairers, nec","Installation, Maintenance, and Repair",22667.623433,3,3,4,7,2696.48,8071.45,10767.93,5,0.352518,0.367876,2.983074,0.003255,0.000865,0.000437,0.010499,174
8850,Adhesive Bonding Machine Operators and Tenders,Production,23960.296564,7,12,12,24,35982.15,18113.98,54096.13,4,0.445455,0.469199,9.191297,0.010617,0.009329,0.000803,0.061138,126
3720,First-Line Supervisors of Fire Fighting and Prevention Workers,Protective Service,83533.047631,6,3,5,8,11521.37,16845.84,28367.21,4,0.394102,0.415533,1.700545,0.002129,0.003049,0.000449,0.001424,109
5530,"Meter Readers, Utilities",Office and Administrative Support,35148.65265,7,11,3,14,21791.47,4976.85,26768.32,4,0.384481,0.403439,0.8147,0.009821,0.00246,0.000759,0.059458,174
6400,Insulation Workers,Construction,40544.989763,7,7,4,11,17276.96,17890.95,35167.91,4,0.36,0.376039,17.436296,0.004369,0.001301,0.00075,0.032096,169
6460,Plasterers and Stucco Masons,Construction,28081.449865,7,4,2,6,9535.33,3512.49,13047.82,5,0.335361,0.346221,2.181612,0.004274,0.00045,0.000466,0.015409,169
8510,Furniture Finishers,Production,20370.731189,7,11,9,20,27743.49,11174.79,38918.28,4,0.436634,0.459184,2.814293,0.0074,0.006805,0.000733,0.038306,104
8550,"Woodworkers including model makers and patternmakers, nec",Production,16558.44663,7,8,10,18,12509.62,9565.96,22075.58,4,0.434911,0.458995,1.484525,0.007029,0.007875,0.000662,0.049059,78
8930,"Paper Goods Machine Setters, Operators, and Tenders",Production,24431.388823,7,13,14,27,35831.82,25277.01,61108.83,4,0.441884,0.468065,4.973759,0.010732,0.009542,0.000795,0.05748,105
8530,"Sawing Machine Setters, Operators, and Tenders, Wood",Production,22770.266242,7,8,10,18,12720.83,13163.78,25884.61,4,0.443662,0.466175,1.872024,0.007727,0.007739,0.000614,0.04054,78
4750,Parts Salespersons,Sales and Related,31034.576992,2,16,16,32,133288.78,69566.63,202855.41,4,0.468153,0.489796,27.103362,0.017299,0.016217,0.000892,0.105903,29
8540,"Woodworking Machine Setters, Operators, and Tenders, Except Sawing",Production,19685.453814,7,8,15,23,25230.68,21367.58,46598.26,4,0.439681,0.466364,9.00602,0.006139,0.009225,0.000629,0.02949,142
6520,"Sheet Metal Workers, metal-working",Construction,35003.720441,7,12,12,24,34922.28,32912.51,67834.79,4,0.440559,0.46542,300.487142,0.009833,0.005326,0.0013,0.056132,169
6730,Highway Maintenance Workers,Construction,23588.46099,7,7,5,12,12212.86,15653.97,27866.83,4,0.418406,0.440098,61.907248,0.00539,0.002338,0.000836,0.024487,169
7120,Electronic Home Entertainment Equipment Installers and Repairers,"Installation, Maintenance, and Repair",33585.41292,3,3,6,9,10254.72,10546.31,20801.03,4,0.431929,0.452759,555.140492,0.001632,0.004144,0.000845,0.010699,174
7850,Food Cooking Machine Operators and Tenders,Production,21402.354691,7,10,12,22,20778.95,24452.9,45231.85,4,0.426912,0.452948,9.209651,0.008895,0.006479,0.000683,0.04724,146
8720,"Extruding, Forming, Pressing, and Compacting Machine Setters, Operators, and Tenders",Production,25704.178783,7,17,9,26,42988.55,14188.21,57176.76,4,0.424038,0.448035,3.436609,0.013541,0.006254,0.000987,0.080733,68
9300,"Sailors and marine oilers, and ship engineers",Transportation and Material Moving,29593.154973,7,4,7,11,5499.67,15920.54,21420.21,4,0.425265,0.447846,0.338573,0.003948,0.00647,0.000508,0.02822,57
6130,Logging Workers,"Farming, Fisheries, and Forestry",22652.046295,7,5,3,8,6709.66,4653.51,11363.17,4,0.392698,0.412509,3.577237,0.005085,0.001587,0.000487,0.022216,106
8200,"Plating and Coating Machine Setters, Operators, and Tenders, Metal and Plastic",Production,29135.840806,7,8,4,12,11885.85,9316.65,21202.5,4,0.406452,0.427438,3.021701,0.007344,0.002975,0.000638,0.050213,120
7140,Aircraft Mechanics and Service Technicians,"Installation, Maintenance, and Repair",47940.181365,3,12,7,19,28623.5,9976.73,38600.23,4,0.386165,0.408352,63.362048,0.007621,0.002564,0.001027,0.037176,174
7110,"Electronic Equipment Installers and Repairers, Motor Vehicles","Installation, Maintenance, and Repair",31844.733066,3,1,3,4,1495.35,3273.06,4768.41,4,0.410615,0.43065,0.306549,0.00144,0.002616,0.000373,0.009956,174
6720,Hazardous Materials Removal Workers,Construction,34635.987853,7,6,7,13,11303.84,8355.18,19659.02,4,0.410615,0.434051,14.673009,0.006334,0.003624,0.000646,0.031551,169
7320,Home Appliance Repairers,"Installation, Maintenance, and Repair",31633.766267,3,5,4,9,17031.03,10445.53,27476.56,4,0.363861,0.381708,13.491618,0.004537,0.001325,0.000592,0.016651,174
7330,Industrial and Refractory Machinery Mechanics,"Installation, Maintenance, and Repair",58268.348704,3,13,21,34,39301.51,57604.78,96906.29,4,0.447262,0.477324,808.931216,0.006029,0.006713,0.001332,0.0317,174
7360,Millwrights,"Installation, Maintenance, and Repair",33033.012531,3,6,1,7,17315.93,2003.82,19319.75,5,0.310563,0.319652,1.690516,0.004096,0.00014,0.000718,0.029881,174
7240,Small Engine Mechanics,"Installation, Maintenance, and Repair",26599.025617,3,5,2,7,11232.5,5133,16365.5,4,0.379192,0.396636,7.538652,0.003772,0.00135,0.000648,0.013872,174
9240,Railroad Conductors and Yardmasters,Transportation and Material Moving,42876.66004,7,7,4,11,19506.77,6642.65,26149.42,4,0.384817,0.40514,7.357584,0.005761,0.002419,0.000723,0.029068,131
7740,Structural Metal Fabricators and Fitters,Production,47971.532856,7,4,6,10,10600.87,7247.24,17848.11,4,0.427326,0.448791,1.42655,0.002486,0.004854,0.0005,0.017961,164
6430,Paperhangers,Construction,11282.543339,7,7,5,12,10967.91,7839.68,18807.59,4,0.415646,0.437453,9.115561,0.006445,0.002509,0.000633,0.031405,169
7210,Bus and Truck Mechanics and Diesel Engine Specialists,"Installation, Maintenance, and Repair",41304.331871,3,9,4,13,11860.08,8349.63,20209.71,4,0.389232,0.409486,33.824481,0.00244,0.002235,0.001052,0.014129,174
8130,Tool and Die Makers,Production,35964.454735,7,3,8,11,5136.62,11312.91,16449.53,4,0.427326,0.450302,2.633021,0.002685,0.004461,0.00045,0.01816,164
8340,Shoe Machine Operators and Tenders,Production,17951.906503,7,7,7,14,3930.8,5210.82,9141.62,4,0.38992,0.412698,1.104756,0.006653,0.003423,0.000591,0.034534,135
9040,Air Traffic Controllers and Airfield Operations Specialists,Transportation and Material Moving,74140.416818,7,3,5,8,2904.19,24210.83,27115.02,4,0.369656,0.389456,0.437368,0.002118,0.003797,0.000474,0.016341,15
9510,Crane and Tower Operators,Transportation and Material Moving,46994.948043,7,6,6,12,9648.23,9171.23,18819.46,4,0.404959,0.428005,0.154524,0.006016,0.005083,0.000524,0.027723,131
7030,Avionics Technicians,"Installation, Maintenance, and Repair",40297.951762,3,4,3,7,12118.19,6834.85,18953.04,5,0.326909,0.337982,19.729418,0.001249,0.000233,0.000664,0.011474,174
6840,Mining Machine Operators,Extraction,43546.335953,3,4,3,7,3355.69,3324.82,6680.51,5,0.310563,0.319955,1323.886638,0.002112,0.000076,0.000767,0.010401,69
6700,Elevator Installers and Repairers,Construction,63459.96754,7,1,2,3,3629.06,1491.1,5120.16,4,0.400181,0.419879,0.180576,0.001128,0.001827,0.000377,0.008454,169
6250,"Cement Masons, Concrete Finishers, and Terrazzo Workers",Construction,19571.326906,7,2,4,6,4256.5,12554.48,16810.98,5,0.343726,0.35616,1.597917,0.002005,0.000895,0.00037,0.000482,166
8730,"Furnace, Kiln, Oven, Drier, and Kettle Operators and Tenders",Production,22446.076059,7,7,8,15,20662.89,10585.81,31248.7,4,0.443216,0.464097,50.010462,0.004602,0.005927,0.000635,0.020851,135
6300,"Paving, Surfacing, and Tamping Equipment Operators",Construction,32686.448179,7,0,3,3,0,2766.11,2766.11,5,0.343434,0.354789,0,0,0.000827,0.000339,0,109
6515,Roofers,Construction,20990.667474,7,8,4,12,27875.3,7655.43,35530.73,5,0.320029,0.332389,9.26754,0.003316,0.000358,0.000972,0.012023,169
6500,Reinforcing Iron and Rebar Workers,Construction,65600,7,2,0,2,2871,0,2871,0,0,0,0,0.000356,0,0.000501,0.00354,169
6710,Fence Erectors,Construction,22119.539546,7,2,1,3,5955.12,668.63,6623.75,4,0.343726,0.354686,0.17719,0.002192,0.000672,0.00041,0.002888,169
6530,Structural Iron and Steel Workers,Construction,35352.183842,7,1,3,4,1698.63,12510.36,14208.99,4,0.381818,0.401361,0.695416,0.000048,0.001755,0.000458,0.000684,169
6800,"Derrick, rotary drill, and service unit operators, and roustabouts, oil, gas, and mining",Extraction,78596.552845,3,1,2,3,2062.58,5606.35,7668.93,5,0.255652,0.262472,4.763175,0.000001,0.000065,0.000556,0.000243,69
6830,"Explosives Workers, Ordnance Handling Experts, and Blasters",Extraction,30716.638503,3,2,0,2,2188.43,0,2188.43,0,0,0,0,0.000002,0,0.000793,0.000365,69
6820,"Earth Drillers, Except Oil and Gas",Extraction,67337.591328,3,1,1,2,1086,2137,3223,6,0.237379,0.242383,0,0.000709,0.000024,0.000342,0.000116,69
7350,"Maintenance Workers, Machinery","Installation, Maintenance, and Repair",40169.983493,3,4,4,8,3186.37,4004.03,7190.4,4,0.395161,0.415533,20.865963,0.000361,0.002529,0.000689,0.003679,174
7040,"Electric Motor, Power Tool, and Related Repairers","Installation, Maintenance, and Repair",30111.390378,7,3,4,7,4852.77,9169.71,14022.48,4,0.428571,0.448791,3.646763,0.001498,0.004195,0.000495,0.011111,174
7125,"Electronic Repairs, nec","Installation, Maintenance, and Repair",42120.290459,3,1,2,3,1786.48,2000.67,3787.15,5,0.328125,0.337642,0.357931,0.000755,0.000315,0.000377,0.005575,174
7130,Security and Fire Alarm Systems Installers,"Installation, Maintenance, and Repair",28703.372754,3,2,3,5,5143.71,4431.67,9575.38,4,0.387863,0.406463,0.800501,0.002079,0.00156,0.000409,0.00184,174
7300,Control and Valve Installers and Repairers,"Installation, Maintenance, and Repair",36661.245513,3,2,5,7,7675.18,9853.99,17529.17,4,0.368114,0.385865,1.415659,0.000831,0.00154,0.000524,0.006653,174
7410,Electrical Power-Line Installers and Repairers,"Installation, Maintenance, and Repair",75165.44312,3,5,3,8,13470.93,4030.74,17501.67,4,0.377892,0.39607,9.403354,0.003094,0.001096,0.000795,0.009057,174
7160,Automotive Glass Installers and Repairers,"Installation, Maintenance, and Repair",27860.692473,3,1,0,1,1436.51,0,1436.51,0,0,0,0,0.000075,0,0.000393,0.000511,174
7710,"Aircraft Structure, Surfaces, Rigging, and Systems Assemblers",Production,27411.119898,7,10,5,15,20961.52,13060.21,34021.73,4,0.402005,0.423658,10.728136,0.006087,0.003685,0.000765,0.028723,146
7540,Locksmiths and Safe Repairers,"Installation, Maintenance, and Repair",30932.00511,3,1,2,3,1448.29,9086.21,10534.5,5,0.326667,0.336508,1.268571,0.00006,0.000271,0.000442,0.000762,174
7550,Manufactured Building and Mobile Home Installers,"Installation, Maintenance, and Repair",30531.969028,7,0,1,1,0,331.23,331.23,4,0.351351,0.363688,0,0,0.000834,0.000339,0,177
7560,Riggers,"Installation, Maintenance, and Repair",20384.147207,3,0,1,1,0,3600.23,3600.23,5,0.302119,0.310068,0,0,0.000018,0.000339,0,174
8630,"Plant and System Operators, nec",Production,44675.462479,7,5,11,16,12448.54,20021.95,32470.49,4,0.406077,0.432162,2.553099,0.003064,0.004654,0.000528,0.020511,164
7920,"Extruding and Drawing Machine Setters, Operators, and Tenders, Metal and Plastic",Production,29591.572112,7,5,3,8,11601.25,5348.11,16949.36,4,0.409851,0.429894,0.287575,0.00272,0.00302,0.000547,0.01959,161
8010,"Lathe and Turning Machine Tool Setters, Operators, and Tenders, Metal and Plastic",Production,26138.56488,7,7,6,13,11585.3,8592.46,20177.76,4,0.387522,0.409675,2.94868,0.00557,0.002747,0.000586,0.025051,129
8060,"Model Makers and Patternmakers, Metal and Plastic",Production,5896.827313,7,3,3,6,10151.3,4010.63,14161.93,4,0.393048,0.412887,0,0.003516,0.002337,0.000414,0.010723,60
8330,Shoe and Leather Workers and Repairers,Production,16824.606948,7,7,5,12,13643.25,12618.42,26261.67,4,0.401639,0.42328,0.170608,0.005208,0.003542,0.000602,0.022956,164
8620,Water Wastewater Treatment Plant and System Operators,Production,42295.788118,7,5,2,7,6845.35,3827.01,10672.36,4,0.404216,0.423469,0.082964,0.00487,0.002203,0.000494,0.020876,8
8940,Tire Builders,Production,86628.881467,7,4,0,4,10174.29,0,10174.29,0,0,0,0,0.002718,0,0.000505,0.018534,105
8860,"Cleaning, Washing, and Metal Pickling Equipment Operators and Tenders",Production,21808.22405,7,5,7,12,7181.29,10332.88,17514.17,4,0.44012,0.461073,0.059335,0.004073,0.005642,0.000533,0.028246,120
7930,"Forging Machine Setters, Operators, and Tenders, Metal and Plastic",Production,22991.542991,7,0,1,1,0,1843.33,1843.33,5,0.321923,0.330279,0,0,0.000202,0.000339,0,146
7960,"Drilling and Boring Machine Tool Setters, Operators, and Tenders, Metal and Plastic",Production,24054.872002,7,1,1,2,1069.8,375.42,1445.22,4,0.3528,0.365835,0,0.000991,0.000702,0.000376,0.006126,130
8040,"Metal Furnace Operators, Tenders, Pourers, and Casters",Production,27443.572927,7,2,2,4,3826.04,2392.99,6219.03,4,0.377892,0.396259,0,0.002123,0.001535,0.000384,0.002248,129
8150,"Heat Treating Equipment Setters, Operators, and Tenders, Metal and Plastic",Production,29449.7255,7,0,2,2,0,2484.2,2484.2,4,0.359935,0.374434,0,0,0.001059,0.000339,0,161
9830,"Military, Rank Not Specified",Military,39018.07492,6,0,82,82,0,276139.29,276139.29,3,0.538275,0.585403,0,0,0.063452,0.000339,0,173
9999,NIU,No Occupation,0,7,0,394,394,0,47689819.53,47689819.53,3,0.896761,0.943943,0,0,0.169601,0.000339,0,179
9520,"Dredge, Excavating, and Loading Machine Operators",Transportation and Material Moving,25147.141547,7,1,0,1,689.3,0,689.3,0,0,0,0,0.001896,0,0.00034,0.000116,179
9230,"Railroad Brake, Signal, and Switch Operators",Transportation and Material Moving,,8,0,0,0,0,0,0,0,0,0,0,0,0,0.000339,0,180
6740,Rail-Track Laying and Maintenance Equipment Operators,Construction,35000,9,0,0,0,0,0,0,0,0,0,0,0,0,0.000339,0,181
8210,"Tool Grinders, Filers, and Sharpeners",Production,20316.242378,10,0,0,0,0,0,0,0,0,0,0,0,0,0.000339,0,182
