Id,Label,occ_field,weighted_avg_income,indegree,outdegree,Degree,weighted indegree,weighted outdegree,Weighted Degree,Eccentricity,closnesscentrality,harmonicclosnesscentrality,betweenesscentrality,Authority,Hub,pageranks,componentnumber,strongcompnum,modularity_class,stat_inf_class,eigencentrality
10,Chief executives and legislators/public administration,"Management in Business, Science, and Arts",162279.861988,110,89,199,1222613.84,889151.73,2111765.57,3,0.543373,0.592387,580.84892,0.072093,0.057826,0.004229,0,0,0,151,0.496611
20,General and Operations Managers,"Management in Business, Science, and Arts",94521.99684,107,106,213,1043492.55,1059105.98,2102598.53,3,0.564456,0.616408,687.207612,0.070178,0.072368,0.003969,0,0,0,106,0.483226
30,"Managers in Marketing, Advertising, and Public Relations","Management in Business, Science, and Arts",104863.870486,106,114,220,1327138.08,1068909.08,2396047.16,3,0.570886,0.625647,953.069454,0.067522,0.071537,0.004035,0,0,0,46,0.467758
100,Administrative Services Managers,"Management in Business, Science, and Arts",76304.442523,31,32,63,242813.68,190593.6,433407.28,3,0.506173,0.527716,31.431939,0.025783,0.024697,0.001311,0,0,0,38,0.160422
110,Computer and Information Systems Managers,"Management in Business, Science, and Arts",111832.585586,54,60,114,595446.27,725595.34,1321041.61,3,0.52381,0.559497,202.47422,0.037683,0.03994,0.002202,0,0,0,132,0.255195
120,Financial Managers,"Management in Business, Science, and Arts",113593.744006,85,86,171,962931.5,947095.89,1910027.39,3,0.547995,0.592757,787.543532,0.05866,0.057103,0.003537,0,0,0,113,0.404901
130,Human Resources Managers,"Management in Business, Science, and Arts",92592.235191,39,41,80,295961.29,224982.94,520944.23,3,0.511338,0.537694,52.108862,0.029727,0.030404,0.001661,0,0,9,104,0.204761
140,Industrial Production Managers,"Management in Business, Science, and Arts",84122.672919,49,70,119,442032.35,495349.61,937381.96,3,0.535629,0.57391,176.739256,0.036639,0.049943,0.001886,0,0,9,114,0.239787
205,"Farmers, Ranchers, and Other Agricultural Managers","Management in Business, Science, and Arts",18130.402069,102,105,207,2268150.04,952410.55,3220560.59,3,0.564456,0.615669,982.015754,0.071581,0.07182,0.004022,0,0,9,149,0.48435
220,Constructions Managers,"Management in Business, Science, and Arts",63959.801947,114,103,217,1598607.87,1278843.22,2877451.09,3,0.563046,0.613452,665.538813,0.080459,0.071093,0.004126,0,0,9,100,0.552986
230,Education Administrators,"Management in Business, Science, and Arts",79868.347099,59,83,142,580811.63,636944.05,1217755.68,3,0.54272,0.587583,324.767899,0.041542,0.05302,0.002515,0,0,0,120,0.288741
310,Food Service and Lodging Managers,"Management in Business, Science, and Arts",45304.776943,134,170,304,2088867.73,1643977.78,3732845.51,2,0.61612,0.68847,2093.275418,0.086751,0.106205,0.004989,0,0,0,168,0.598091
350,Medical and Health Services Managers,"Management in Business, Science, and Arts",97692.420137,63,60,123,501256.9,425619.9,926876.8,3,0.525029,0.560237,428.653456,0.040337,0.035576,0.003009,0,0,0,102,0.281762
410,"Property, Real Estate, and Community Association Managers","Management in Business, Science, and Arts",67091.461619,86,69,155,1273868.19,670258.49,1944126.68,3,0.53436,0.572432,448.148761,0.061124,0.048117,0.003281,0,0,0,38,0.419787
420,Social and Community Service Managers,"Management in Business, Science, and Arts",69574.227758,53,59,112,328866.7,368065.19,696931.89,3,0.525641,0.559867,252.40695,0.036139,0.039857,0.002559,0,0,0,176,0.248875
430,"Managers, nec (including Postmasters)","Management in Business, Science, and Arts",79391.862706,258,263,521,4719905.6,5126615.42,9846521.02,2,0.70579,0.791574,9987.005772,0.132247,0.13856,0.010391,0,0,0,134,0.968154
530,"Purchasing Agents, Except Wholesale, Retail, and Farm Products",Business Operations Specialists,63409.118151,62,60,122,472877.83,917897.79,1390775.62,3,0.531213,0.563932,224.645593,0.044204,0.04349,0.002441,0,0,0,20,0.298351
600,Cost Estimators,Business Operations Specialists,67262.549385,40,39,79,306879.68,281074.3,587953.98,3,0.516018,0.539172,58.659646,0.032588,0.028784,0.001643,0,0,0,130,0.210642
620,"Human Resources, Training, and Labor Relations Specialists",Business Operations Specialists,69762.476257,103,88,191,886526.13,703275.15,1589801.28,2,0.554054,0.597561,814.897145,0.069495,0.058542,0.003895,0,0,0,112,0.484403
710,Management Analysts,Business Operations Specialists,85455.715533,131,107,238,1297292.76,1099134.07,2396426.83,3,0.562344,0.616038,1328.236737,0.07539,0.063047,0.005284,0,0,0,21,0.546367
720,Meeting and Convention Planners,Business Operations Specialists,56066.205526,37,35,72,180037.62,147311.57,327349.19,3,0.497792,0.52439,85.701298,0.025513,0.022204,0.001578,0,0,0,57,0.170558
730,Other Business Operations and Management Specialists,Business Operations Specialists,76665.19083,87,73,160,647281.85,699142.8,1346424.65,3,0.538829,0.577975,401.386255,0.059877,0.046077,0.003496,0,0,0,162,0.418837
800,Accountants and Auditors,Financial Specialists,78726.828842,105,96,201,799833.86,448548.32,1248382.18,3,0.557478,0.605322,966.108219,0.072111,0.061013,0.004236,0,0,9,127,0.507566
810,Appraisers and Assessors of Real Estate,Financial Specialists,51440.012886,30,22,52,170784.66,140773.13,311557.79,3,0.490217,0.509608,81.57392,0.019551,0.013494,0.001453,0,0,0,45,0.128999
840,Financial Analysts,Financial Specialists,109216.815558,36,37,73,330521.87,329773.6,660295.47,3,0.498343,0.526238,182.829057,0.023543,0.023259,0.001784,0,0,0,2,0.166169
850,Personal Financial Advisors,Financial Specialists,120700.193968,66,50,116,625945.05,511319.86,1137264.91,3,0.515429,0.546933,520.311968,0.044523,0.032758,0.002862,0,0,0,2,0.30581
910,Credit Counselors and Loan Officers,Financial Specialists,85894.581307,67,67,134,441302.34,461517.26,902819.6,3,0.529965,0.568367,544.351619,0.043542,0.044674,0.002928,0,0,0,0,0.314074
950,"Financial Specialists, nec",Financial Specialists,73513.90526,54,47,101,245626.79,203071.4,448698.19,3,0.510759,0.541759,262.496616,0.033806,0.028478,0.002379,0,0,0,40,0.232346
1000,Computer Scientists and Systems Analysts/Network systems Analysts/Web Developers,Computer and Mathematical,76555.18251,142,142,284,2394041.66,1801491.83,4195533.49,3,0.591088,0.656319,2282.327782,0.086523,0.083719,0.005567,0,0,2,94,0.619937
1020,"Software Developers, Applications and Systems Software",Computer and Mathematical,108444.212065,91,84,175,1230526.15,1315739.36,2546265.51,3,0.54733,0.590909,774.795634,0.059608,0.053086,0.004052,0,0,2,62,0.426524
1050,Computer Support Specialists,Computer and Mathematical,64192.568443,94,91,185,1037896.67,754938.21,1792834.88,3,0.553374,0.599409,556.432205,0.067589,0.061042,0.003466,0,0,2,109,0.471845
1100,Network and Computer Systems Administrators,Computer and Mathematical,76148.36969,39,37,76,393612.1,397900.95,791513.05,3,0.504474,0.530303,58.901958,0.030584,0.024558,0.001585,0,0,2,37,0.196877
1300,"Architects, Except Naval",Architecture and Engineering,75958.94121,50,35,85,187999.07,118178.32,306177.39,3,0.505605,0.529564,180.443217,0.033371,0.023433,0.002023,0,0,2,25,0.22821
1360,Civil Engineers,Architecture and Engineering,85649.313526,70,56,126,685227.22,641357.51,1326584.73,3,0.522596,0.555802,323.487528,0.043159,0.034374,0.002837,0,0,2,130,0.294262
1410,Electrical and Electronics Engineers,Architecture and Engineering,90697.507756,66,56,122,586461.01,654895.44,1241356.45,3,0.522596,0.555802,372.769369,0.041228,0.036168,0.002714,0,0,2,155,0.285932
1430,"Industrial Engineers, including Health and Safety",Architecture and Engineering,78343.677674,59,57,116,473568.29,390140.17,863708.46,3,0.523202,0.556911,252.046611,0.041422,0.033468,0.002353,0,0,2,5,0.281921
1460,Mechanical Engineers,Architecture and Engineering,85288.810718,72,50,122,641278.59,622867.76,1264146.35,3,0.517796,0.548411,274.768544,0.049695,0.03077,0.002761,0,0,2,57,0.340483
1530,"Engineers, nec",Architecture and Engineering,93983.358112,90,70,160,966325.11,813091.33,1779416.44,3,0.533097,0.572432,592.072618,0.055595,0.043987,0.003712,0,0,2,188,0.394453
1540,Drafters,Architecture and Engineering,49726.418022,69,42,111,407691.68,283919.31,691610.99,3,0.516018,0.54139,156.39973,0.053799,0.028669,0.002627,0,0,2,8,0.372571
1760,"Physical Scientists, nec","Life, Physical, and Social Science",95606.252584,32,41,73,274829.2,280639.05,555468.25,3,0.509605,0.536585,150.578033,0.017952,0.024214,0.001692,0,0,2,23,0.120214
2040,Clergy,Community and Social Services,44120.964199,84,70,154,624368.87,681654.57,1306023.44,3,0.538186,0.575388,507.439679,0.056602,0.044109,0.003327,0,0,5,161,0.390219
2060,"Religious Workers, nec",Community and Social Services,33949.179121,37,19,56,175279.63,93960.07,269239.7,3,0.463992,0.488174,33.081208,0.030501,0.011802,0.001532,0,0,5,102,0.194821
2100,"Lawyers, and judges, magistrates, and other judicial workers",Legal,149284.495026,174,43,217,1434225.02,125748.43,1559973.45,3,0.506173,0.535846,923.127562,0.09454,0.027458,0.007703,0,0,2,6,0.687804
2140,Paralegals and Legal Assistants,Legal,49951.108065,41,38,79,169740.13,123650.91,293391.04,3,0.5125,0.536216,98.244158,0.027272,0.026112,0.001895,0,0,0,45,0.194752
2200,Postsecondary Teachers,"Education, Training, and Library",69779.822745,152,140,292,1053004.61,771095.86,1824100.47,3,0.591088,0.654841,3677.09289,0.084142,0.082431,0.006787,0,0,2,1,0.612375
2310,Elementary and Middle School Teachers,"Education, Training, and Library",52798.981624,124,100,224,1134977.37,938165.6,2073142.97,3,0.559553,0.609387,939.743141,0.081664,0.066564,0.004792,0,0,2,93,0.572082
2340,Other Teachers and Instructors,"Education, Training, and Library",38151.327512,133,123,256,1357123.55,899255.6,2256379.15,2,0.578947,0.636364,1742.146663,0.087076,0.079883,0.00564,0,0,2,7,0.61893
2540,Teacher Assistants,"Education, Training, and Library",25829.039174,104,84,188,561334.57,343582.8,904917.37,3,0.546667,0.59054,826.143634,0.069716,0.049357,0.003908,0,0,2,64,0.478768
2600,Artists and Related Workers,"Arts, Design, Entertainment, Sports, and Media",35416.277148,49,30,79,381780.4,322200.42,703980.82,3,0.507883,0.527347,103.423042,0.03723,0.020307,0.002018,0,0,5,96,0.256859
2700,"Actors, Producers, and Directors","Arts, Design, Entertainment, Sports, and Media",68555.388345,61,50,111,408774.18,347794.82,756569,3,0.5125,0.545085,180.750297,0.043763,0.031957,0.002397,0,0,5,9,0.294892
2825,Public Relations Specialists,"Arts, Design, Entertainment, Sports, and Media",79973.133652,50,36,86,207922.2,261388.77,469310.97,3,0.502227,0.528086,104.634798,0.029673,0.025078,0.002106,0,0,5,85,0.210773
2850,Writers and Authors,"Arts, Design, Entertainment, Sports, and Media",43767.523174,44,44,88,325288.35,269627.97,594916.32,3,0.505605,0.536216,112.177881,0.028888,0.028006,0.002044,0,0,5,118,0.207392
3010,Dentists,Healthcare Practitioners and Technicians,132329.204781,50,13,63,404102.17,201133.9,605236.07,3,0.430344,0.455654,223.12995,0.02772,0.005796,0.003476,0,0,2,132,0.213826
3050,Pharmacists,Healthcare Practitioners and Technicians,112124.798368,27,21,48,267227.57,166990.69,434218.26,3,0.484946,0.505174,214.760574,0.014749,0.011816,0.00248,0,0,2,72,0.103317
3060,Physicians and Surgeons,Healthcare Practitioners and Technicians,201325.747351,144,23,167,998960.62,633954.38,1632915,3,0.483906,0.505913,1041.317884,0.079138,0.011857,0.007149,0,0,2,63,0.577452
3740,Firefighters,Protective Service,67826.878871,66,73,139,254826.84,205344.23,460171.07,3,0.540767,0.579084,309.137802,0.052211,0.055156,0.002495,0,0,9,123,0.346636
3820,Police Officers and Detectives,Protective Service,69870.060266,93,92,185,886206.77,574587.03,1460793.8,3,0.554054,0.600517,616.892962,0.06801,0.062156,0.003434,0,0,3,89,0.466546
3930,Security Guards and Gaming Surveillance Officers,Protective Service,31577.744248,184,179,363,1836543.7,1141651.87,2978195.57,2,0.62379,0.698448,3082.456013,0.111841,0.110211,0.006873,0,0,9,10,0.787907
3940,Crossing Guards,Protective Service,17545.060994,24,21,45,115219.58,56732.56,171952.14,3,0.493976,0.511456,15.689851,0.023744,0.017236,0.001031,0,0,9,36,0.148978
4300,First-Line Supervisors of Gaming Workers,Personal Care and Service,55768.680343,36,37,73,142816.92,182586.43,325403.35,3,0.513667,0.536216,125.624459,0.024951,0.029033,0.001683,0,0,0,182,0.173734
4500,Barbers,Personal Care and Service,15778.140369,39,27,66,384443.31,223427.86,607871.17,3,0.480298,0.506282,56.201059,0.027347,0.015935,0.001653,0,0,9,86,0.174117
4700,First-Line Supervisors of Sales Workers,Sales and Related,56291.920712,226,271,497,2979531.5,2537096.15,5516627.65,2,0.714739,0.800443,6904.586556,0.125887,0.14702,0.008301,0,0,9,16,0.905531
4720,Cashiers,Sales and Related,19927.519063,194,217,411,3585423.39,2768242.65,6353666.04,3,0.656477,0.739837,4783.430511,0.11348,0.125667,0.007403,0,0,9,11,0.812558
4760,Retail Salespersons,Sales and Related,40195.091485,254,234,488,11849445.08,4041855.48,15891300.56,3,0.673134,0.758684,5964.860849,0.139062,0.134864,0.009191,0,0,1,3,1
4820,"Securities, Commodities, and Financial Services Sales Agents",Sales and Related,112268.126196,69,60,129,752666.42,561018.14,1313684.56,3,0.526254,0.560976,215.576874,0.04872,0.042386,0.002674,0,0,1,26,0.334112
4840,"Sales Representatives, Services, All Other",Sales and Related,73953.844944,131,129,260,2925824.89,5965405.47,8891230.36,3,0.581935,0.642276,909.171257,0.089477,0.087304,0.004704,0,0,1,15,0.623951
4850,"Sales Representatives, Wholesale and Manufacturing",Sales and Related,61998.568659,155,212,367,6605073.58,10949390.54,17554464.12,2,0.653623,0.735033,2659.984076,0.098153,0.125525,0.005872,0,0,1,142,0.713089
4920,Real Estate Brokers and Sales Agents,Sales and Related,61564.926292,98,86,184,1384209.37,1022987.93,2407197.3,3,0.550672,0.594235,492.071637,0.065393,0.060143,0.003659,0,0,1,19,0.449665
4940,Telemarketers,Sales and Related,25748.329127,53,46,99,318097.57,159143.05,477240.62,3,0.520785,0.547302,52.601882,0.04694,0.037338,0.001925,0,0,1,50,0.308027
5120,"Bookkeeping, Accounting, and Auditing Clerks",Office and Administrative Support,39483.417231,81,87,168,543041.26,472769.48,1015810.74,3,0.54933,0.594235,383.450273,0.057019,0.058066,0.003128,0,0,9,181,0.389037
5240,Customer Service Representatives,Office and Administrative Support,40214.99049,188,198,386,2262627.88,2319699.53,4582327.41,3,0.63881,0.718773,4201.384302,0.110329,0.11616,0.007127,0,0,9,4,0.784129
5400,Receptionists and Information Clerks,Office and Administrative Support,28139.743758,97,96,193,643940.77,485700.82,1129641.59,3,0.555419,0.604213,963.289885,0.065263,0.058301,0.003792,0,0,9,153,0.454784
5550,Postal Service Mail Carriers,Office and Administrative Support,52087.54113,48,46,94,318322.89,276524.25,594847.14,3,0.518987,0.546194,137.954491,0.041466,0.034104,0.00185,0,0,4,12,0.271196
5600,"Production, Planning, and Expediting Clerks",Office and Administrative Support,52999.677207,80,80,160,484086.44,436330.61,920417.05,3,0.544029,0.586105,303.64302,0.058322,0.05808,0.002966,0,0,9,191,0.395828
5620,Stock Clerks and Order Fillers,Office and Administrative Support,24889.335765,206,217,423,3579982.51,2915825.42,6495807.93,3,0.656477,0.739837,3953.546533,0.119337,0.12695,0.007468,0,0,9,144,0.848849
5860,"Office Clerks, General",Office and Administrative Support,32026.545829,115,120,235,1030456.49,737558.08,1768014.57,3,0.575255,0.632299,1462.249299,0.079664,0.075575,0.004688,0,0,9,28,0.564771
5940,"Office and administrative support workers, nec",Office and Administrative Support,46457.639437,102,97,199,691445.08,442001.67,1133446.75,3,0.55886,0.6068,706.666236,0.071317,0.062234,0.003806,0,0,9,49,0.487632
6200,First-Line Supervisors of Construction Trades and Extraction Workers,Construction,52986.938742,112,150,262,812537.2,860548.49,1673085.69,3,0.597351,0.665188,1323.076147,0.074313,0.094122,0.003972,0,0,9,171,0.515601
6220,"Brickmasons, Blockmasons, and Stonemasons",Construction,29532.871354,55,64,119,404147.97,289562.99,693710.96,3,0.53184,0.567258,120.431956,0.046377,0.047963,0.001922,0,0,9,33,0.304393
6230,Carpenters,Construction,27237.014358,184,207,391,2234730.75,1405216.98,3639947.73,2,0.648921,0.72949,3319.605672,0.113025,0.121472,0.006477,0,0,9,80,0.790215
6355,Electricians,Construction,48931.686916,124,129,253,931144.38,737287.9,1668432.28,3,0.581186,0.641907,811.708604,0.086641,0.088483,0.004247,0,0,9,184,0.587551
7010,"Computer, Automated Teller, and Office Machine Repairers","Installation, Maintenance, and Repair",42867.457314,120,98,218,855837.02,837031.29,1692868.31,3,0.555419,0.605691,817.344017,0.080296,0.063809,0.004347,0,0,6,139,0.556689
7210,Bus and Truck Mechanics and Diesel Engine Specialists,"Installation, Maintenance, and Repair",42695.888675,98,88,186,936694.85,891233.32,1827928.17,3,0.546005,0.593126,529.142797,0.069349,0.058699,0.003441,0,0,6,145,0.462768
7330,Industrial and Refractory Machinery Mechanics,"Installation, Maintenance, and Repair",48055.29596,113,106,219,1006352,1157862.04,2164214.04,3,0.560945,0.61456,844.710382,0.073384,0.066562,0.004071,0,0,6,124,0.498603
7700,First-Line Supervisors of Production and Operating Workers,Production,57093.395864,111,134,245,497327.09,562846.41,1060173.5,3,0.586476,0.648189,1371.718413,0.077326,0.088407,0.00404,0,0,9,156,0.529366
8600,"Power Plant Operators, Distributors, and Dispatchers",Production,79603.053448,37,37,74,128823.95,109921.39,238745.34,3,0.507312,0.532151,46.079875,0.024634,0.023824,0.001432,0,0,9,163,0.158164
9000,Supervisors of Transportation and Material Moving Workers,Transportation and Material Moving,56664.277604,53,68,121,401883.17,395892.15,797775.32,3,0.538186,0.57391,145.794511,0.042063,0.052114,0.001939,0,0,2,92,0.267372
9100,Bus and Ambulance Drivers and Attendants,Transportation and Material Moving,32313.432191,101,79,180,1032093.88,739223.87,1771317.75,3,0.54272,0.584627,486.787031,0.071807,0.054923,0.003768,0,0,9,164,0.491394
9130,Driver/Sales Workers and Truck Drivers,Transportation and Material Moving,38524.546825,258,290,548,6629240.27,6311000.02,12940240.29,2,0.736928,0.821508,9238.293964,0.138898,0.151906,0.00926,0,0,9,18,0.99682
9140,Taxi Drivers and Chauffeurs,Transportation and Material Moving,24039.790999,128,112,240,1720269.36,953801.65,2674071.01,2,0.570886,0.624169,907.321989,0.082973,0.075338,0.004714,0,0,9,24,0.588428
160,"Transportation, Storage, and Distribution Managers","Management in Business, Science, and Arts",61076.367998,63,82,145,577329.11,486500.25,1063829.36,3,0.547995,0.5898,362.424207,0.046889,0.060175,0.002408,0,0,9,192,0.311045
500,"Agents and Business Managers of Artists, Performers, and Athletes",Business Operations Specialists,66359.161319,22,24,46,117707.51,95360.32,213067.83,3,0.482869,0.505913,13.44631,0.017791,0.01475,0.001055,0,0,0,20,0.114317
520,"Wholesale and Retail Buyers, Except Farm Products",Business Operations Specialists,52464.117265,61,48,109,910114.95,252791.43,1162906.38,3,0.520185,0.548411,148.698155,0.044123,0.035392,0.002324,0,0,0,61,0.29654
700,Logisticians,Business Operations Specialists,65678.635992,33,27,60,210424.71,147865.44,358290.15,3,0.496696,0.517738,30.052251,0.024716,0.018526,0.001414,0,0,0,12,0.159524
940,Tax Preparers,Financial Specialists,49595.164187,46,22,68,295070.53,154626.38,449696.91,3,0.480298,0.502587,108.718474,0.033632,0.012268,0.001991,0,0,0,135,0.227879
1060,Database Administrators,Computer and Mathematical,90005.61739,27,21,48,224902.7,144612.52,369515.22,3,0.479277,0.501109,22.0612,0.019618,0.013591,0.001257,0,0,2,62,0.136739
1220,Operations Research Analysts,Computer and Mathematical,77926.866617,38,22,60,162060.71,115493.41,277554.12,3,0.481838,0.503695,190.106898,0.026172,0.013496,0.001703,0,0,2,126,0.165552
1550,"Engineering Technicians, Except Drafters",Technicians,57611.095603,119,101,220,832664.19,586307.61,1418971.8,3,0.559553,0.610126,822.000117,0.078508,0.069439,0.004303,0,0,2,22,0.54147
1740,Environmental Scientists and Geoscientists,"Life, Physical, and Social Science",80195.72465,26,29,55,124333.16,106982.17,231315.33,3,0.498894,0.520695,110.115026,0.017021,0.016704,0.001425,0,0,2,23,0.111285
1960,"Life, Physical, and Social Science Technicians, nec","Life, Physical, and Social Science",44963.223714,95,110,205,533347.82,404613.78,937961.6,3,0.566583,0.620473,867.740406,0.061641,0.071016,0.003675,0,0,2,84,0.423185
2320,Secondary School Teachers,"Education, Training, and Library",52953.597655,101,96,197,857235.25,911301.13,1768536.38,3,0.558168,0.605691,688.797842,0.066804,0.065051,0.003953,0,0,2,59,0.464262
2750,"Musicians, Singers, and Related Workers","Arts, Design, Entertainment, Sports, and Media",29253.033923,57,46,103,533990.07,338622.44,872612.51,3,0.520185,0.546933,111.241953,0.043108,0.036011,0.00225,0,0,5,185,0.291313
2840,Technical Writers,"Arts, Design, Entertainment, Sports, and Media",70860.040494,26,23,49,105499.39,98026.92,203526.31,3,0.460674,0.488544,37.728921,0.015512,0.012681,0.001371,0,0,5,117,0.099712
2920,"Television, Video, and Motion Picture Camera Operators and Editors","Arts, Design, Entertainment, Sports, and Media",49028.662449,35,30,65,214120.72,209013.44,423134.16,3,0.505039,0.525499,55.020196,0.02248,0.021279,0.001538,0,0,5,52,0.149391
3500,Licensed Practical and Licensed Vocational Nurses,Healthcare Practitioners and Technicians,53701.661315,27,15,42,243041.58,201447.12,444488.7,3,0.420709,0.448263,50.575307,0.020495,0.005416,0.001331,0,0,8,72,0.125875
3530,"Health Technologists and Technicians, nec",Healthcare Practitioners and Technicians,50069.945704,49,46,95,280959.94,195468.71,476428.65,3,0.517796,0.545455,374.852693,0.037095,0.029591,0.002186,0,0,8,27,0.243241
3630,Massage Therapists,Healthcare Support,24728.771396,21,11,32,125415.84,92725.1,218140.94,3,0.4588,0.478197,15.503023,0.018505,0.006983,0.001057,0,0,8,159,0.115641
3800,"Sheriffs, Bailiffs, Correctional Officers, and Jailers",Protective Service,47974.94698,96,61,157,636614.61,433891.65,1070506.26,3,0.531213,0.564671,387.393382,0.070525,0.043264,0.003371,0,0,3,26,0.470412
3950,"Law enforcement workers, nec",Protective Service,30087.442683,44,75,119,253891.46,355404.92,609296.38,3,0.543373,0.58204,128.969795,0.037167,0.055425,0.001653,0,0,9,136,0.238867
4000,Chefs and Cooks,Food Preparation and Serving,22806.929654,183,237,420,3797889.26,3258023.61,7055912.87,2,0.678195,0.762749,3810.939173,0.111764,0.135116,0.00643,0,0,9,122,0.781003
4010,First-Line Supervisors of Food Preparation and Serving Workers,Food Preparation and Serving,30540.733942,79,110,189,860338.96,991698.03,1852036.99,3,0.566583,0.620473,646.125781,0.062506,0.074496,0.00279,0,0,9,66,0.407782
4030,Food Preparation Workers,Food Preparation and Serving,17331.029162,102,123,225,1626896.52,1455716.5,3082613.02,3,0.576726,0.635255,650.873358,0.073344,0.084558,0.003635,0,0,9,95,0.497867
4040,Bartenders,Food Preparation and Serving,26540.032857,84,106,190,847791.3,766004.02,1613795.32,3,0.56375,0.616038,689.175317,0.061393,0.073384,0.003304,0,0,9,13,0.414188
4050,"Combined Food Preparation and Serving Workers, Including Fast Food",Food Preparation and Serving,15703.514168,71,78,149,768479.34,522289.04,1290768.38,3,0.544029,0.584627,373.311457,0.057848,0.056258,0.002564,0,0,9,147,0.381135
4110,Waiters and Waitresses,Food Preparation and Serving,20701.503119,137,185,322,2457706.56,2102967.26,4560673.82,3,0.628134,0.70473,1835.990771,0.093412,0.114827,0.004867,0,0,9,30,0.651094
4120,"Food Servers, Nonrestaurant",Food Preparation and Serving,22226.599626,35,39,74,285988.15,227253.6,513241.75,3,0.516018,0.539172,30.137621,0.031688,0.032492,0.001332,0,0,9,55,0.194548
4140,Dishwashers,Food Preparation and Serving,16141.893419,83,69,152,1142064.55,795801.8,1937866.35,3,0.536905,0.57391,272.620083,0.065059,0.048581,0.002852,0,0,9,31,0.428241
4220,Janitors and Building Cleaners,Building and Grounds Cleaning and Maintenance,25913.510066,205,206,411,3736408.16,2705308.66,6441716.82,3,0.645207,0.727273,3557.801878,0.121067,0.124118,0.00723,0,0,9,186,0.850105
4250,Grounds Maintenance Workers,Building and Grounds Cleaning and Maintenance,20123.025342,170,238,408,3128271.7,2877564.74,6005836.44,2,0.679217,0.763858,3531.474393,0.105677,0.135656,0.005877,0,0,9,58,0.741581
4430,"Entertainment Attendants and Related Workers, nec",Personal Care and Service,18029.829569,95,93,188,623683.98,563680.53,1187364.51,3,0.555419,0.601996,501.195899,0.067286,0.063436,0.003442,0,0,9,174,0.454534
4620,Recreation and Fitness Workers,Personal Care and Service,32270.730496,76,92,168,542284.81,654166.86,1196451.67,3,0.55202,0.599409,423.446218,0.05359,0.060259,0.002841,0,0,9,103,0.360155
4800,Advertising Sales Agents,Sales and Related,69251.956833,62,59,121,477660.33,365416.14,843076.47,3,0.529965,0.562454,173.847279,0.049654,0.041291,0.00233,0,0,1,56,0.341745
4810,Insurance Sales Agents,Sales and Related,67754.191405,99,68,167,1063339.42,797496.48,1860835.9,3,0.538186,0.57391,378.724117,0.072106,0.049468,0.003653,0,0,1,97,0.494862
5000,First-Line Supervisors of Office and Administrative Support Workers,Office and Administrative Support,60001.59664,95,123,218,428082.34,538658.75,966741.09,3,0.575255,0.634516,847.862319,0.071106,0.08223,0.00377,0,0,9,138,0.494084
5160,Bank Tellers,Office and Administrative Support,25632.789947,70,76,146,424273.4,313690.73,737964.13,3,0.54272,0.582409,287.320534,0.054754,0.050257,0.002585,0,0,9,60,0.36471
5510,Couriers and Messengers,Office and Administrative Support,35433.99242,118,114,232,1287427.24,868100.46,2155527.7,3,0.570164,0.625277,1578.989696,0.075448,0.067736,0.004365,0,0,9,178,0.518198
5520,Dispatchers,Office and Administrative Support,43904.631332,67,69,136,507227.67,389557.05,896784.72,3,0.533097,0.571693,404.735548,0.049623,0.043834,0.002575,0,0,9,73,0.328437
5540,Postal Service Clerks,Office and Administrative Support,51191.118313,19,20,39,182829.07,135682.43,318511.5,3,0.479787,0.500739,16.574821,0.016338,0.014163,0.000966,0,0,4,42,0.102911
6120,Forest and Conservation Workers,"Farming, Fisheries, and Forestry",38221.196689,16,23,39,73983.05,52528.05,126511.1,3,0.493976,0.512934,25.392133,0.015824,0.015911,0.000798,0,0,9,121,0.091737
6260,Construction Laborers,Construction,28394.2721,203,223,426,4337954.27,3263143.53,7601097.8,3,0.662261,0.746489,4429.140056,0.119132,0.127971,0.007199,0,0,9,70,0.837487
6320,"Construction equipment operators except paving, surfacing, and tamping equipment operators",Construction,43656.274437,77,85,162,888369.16,881686.23,1770055.39,3,0.545345,0.59054,355.254461,0.0571,0.057347,0.00268,0,0,9,51,0.374508
6660,Construction and Building Inspectors,Construction,49002.760969,59,49,108,316142.44,237383.73,553526.17,3,0.517796,0.547672,156.294665,0.043687,0.033272,0.002242,0,0,7,8,0.296757
7000,"First-Line Supervisors of Mechanics, Installers, and Repairers","Installation, Maintenance, and Repair",60065.138319,61,76,137,236781.1,255612.1,492393.2,3,0.543373,0.582779,265.552011,0.045822,0.054416,0.002241,0,0,6,34,0.2973
7020,Radio and Telecommunications Equipment Installers and Repairers,"Installation, Maintenance, and Repair",50161.314835,77,76,153,547599.42,457819.11,1005418.53,3,0.54272,0.582409,440.594285,0.054417,0.052001,0.002801,0,0,6,173,0.362011
7130,Security and Fire Alarm Systems Installers,"Installation, Maintenance, and Repair",45332.57527,43,43,86,263176.81,160912.61,424089.42,3,0.513667,0.54065,66.275154,0.03487,0.031056,0.001662,0,0,6,146,0.236048
7220,Heavy Vehicle and Mobile Equipment Service Technicians and Mechanics,"Installation, Maintenance, and Repair",48014.922134,89,80,169,719480.1,639514.36,1358994.46,3,0.546005,0.587214,471.406565,0.06258,0.054237,0.003149,0,0,6,69,0.416592
7340,"Maintenance and Repair Workers, General","Installation, Maintenance, and Repair",42225.75124,132,136,268,1534018.06,1424417.74,2958435.8,3,0.585714,0.649298,1204.008062,0.087394,0.090386,0.004614,0,0,6,32,0.59881
8620,Water Wastewater Treatment Plant and System Operators,Production,53185.678453,64,64,128,272465.83,282010.52,554476.35,3,0.526254,0.563932,188.865095,0.045388,0.036016,0.002316,0,0,9,135,0.308794
8640,"Chemical Processing Machine Setters, Operators, and Tenders",Production,49391.129012,51,48,99,177378.83,185369.86,362748.69,3,0.520785,0.54878,158.934917,0.035009,0.031987,0.002039,0,0,9,125,0.240583
8650,"Crushing, Grinding, Polishing, Mixing, and Blending Workers",Production,40087.473119,72,74,146,390035.25,297250.09,687285.34,3,0.538186,0.578344,294.21554,0.052462,0.046788,0.002557,0,0,9,172,0.34321
8740,"Inspectors, Testers, Sorters, Samplers, and Weighers",Production,47758.848891,167,193,360,1468820.07,1830166.76,3298986.83,3,0.634318,0.71323,3949.335232,0.097673,0.11025,0.006083,0,0,9,165,0.68347
8965,Other production workers including semiconductor processors and cooling and freezing equipment operators,Production,37927.870294,169,199,368,2113270.04,1556943.24,3670213.28,2,0.641536,0.720621,3736.945793,0.103547,0.112759,0.006014,0,0,9,82,0.719202
9600,Industrial Truck and Tractor Operators,Transportation and Material Moving,33070.489314,123,144,267,1798227.92,1462048.31,3260276.23,3,0.591864,0.658167,1178.692431,0.084624,0.08883,0.004305,0,0,9,180,0.578659
9620,"Laborers and Freight, Stock, and Material Movers, Hand",Transportation and Material Moving,27017.339956,256,273,529,6246122.38,5062962,11309084.38,2,0.717011,0.802661,8983.17926,0.133629,0.147758,0.009676,0,0,9,35,0.954823
9750,"Material moving workers, nec",Transportation and Material Moving,41001.493832,53,54,107,294661.7,176330.92,470992.62,3,0.52381,0.555063,116.549479,0.042831,0.040355,0.0019,0,0,9,99,0.271289
150,Purchasing Managers,"Management in Business, Science, and Arts",82828.236577,35,43,78,294207.15,269567.14,563774.29,3,0.513667,0.54065,68.762391,0.025578,0.030505,0.00142,0,0,9,85,0.157915
300,Architectural and Engineering Managers,"Management in Business, Science, and Arts",132028.531313,33,33,66,235033.01,264299.52,499332.53,3,0.491285,0.518477,71.611738,0.02387,0.019945,0.001658,0,0,0,44,0.153563
540,"Claims Adjusters, Appraisers, Examiners, and Investigators",Business Operations Specialists,59987.338519,69,53,122,414338.74,326944,741282.74,3,0.520785,0.552476,181.334287,0.048528,0.036259,0.002743,0,0,0,116,0.334808
820,Budget Analysts,Financial Specialists,88934.533771,14,14,28,64058.17,62552.02,126610.19,3,0.411872,0.439024,15.222458,0.008516,0.006449,0.000942,0,0,0,2,0.042981
1010,Computer Programmers,Computer and Mathematical,73498.328657,82,79,161,819996.23,711963.81,1531960.04,3,0.544029,0.585366,373.326559,0.057162,0.054712,0.003144,0,0,2,37,0.395336
1440,Marine Engineers and Naval Architects,Architecture and Engineering,84002.577705,14,11,25,75882.55,30384.06,106266.61,3,0.454179,0.474501,16.145469,0.008166,0.006522,0.00086,0,0,2,155,0.051644
1800,Economists and market researchers,"Life, Physical, and Social Science",103458.444549,34,30,64,95368.71,83275.3,178644.01,3,0.504474,0.525129,104.833964,0.022231,0.023591,0.001754,0,0,0,90,0.153869
1830,Urban and Regional Planners,"Life, Physical, and Social Science",75737.79423,12,9,21,96133.13,37983.81,134116.94,3,0.444773,0.465262,3.208534,0.009754,0.006146,0.00072,0,0,5,25,0.056139
1840,"Social Scientists, nec","Life, Physical, and Social Science",65455.830288,31,25,56,71912.82,68683.42,140596.24,3,0.471757,0.498522,41.547217,0.022365,0.014983,0.001413,0,0,5,105,0.150174
2000,Counselors,Community and Social Services,43538.277569,93,96,189,729460.91,681064.39,1410525.3,3,0.557478,0.605322,742.516479,0.064754,0.062009,0.00358,0,0,5,39,0.445315
2010,Social Workers,Community and Social Services,47320.535454,93,97,190,679580.66,625972.17,1305552.83,3,0.55886,0.6068,884.467637,0.060109,0.062489,0.003728,0,0,5,42,0.418799
2020,"Community and Social Service Specialists, nec",Community and Social Services,43610.453558,41,35,76,178092.28,147396.65,325488.93,3,0.502227,0.527347,84.845836,0.027952,0.022037,0.001673,0,0,5,74,0.180646
2050,"Directors, Religious Activities and Education",Community and Social Services,45192.941434,17,12,29,96664.86,74797.24,171462.1,3,0.460204,0.480044,4.376775,0.012648,0.009175,0.000907,0,0,5,117,0.078716
2150,"Legal Support Workers, nec",Legal,64552.247045,37,31,68,165885.25,116132.33,282017.58,3,0.502227,0.52439,60.453329,0.028802,0.020768,0.001584,0,0,0,45,0.179967
2550,"Education, Training, and Library Workers, nec","Education, Training, and Library",57445.739324,34,25,59,186038.58,159885.27,345923.85,3,0.487568,0.509978,58.551766,0.024974,0.016236,0.001495,0,0,2,148,0.168134
2630,Designers,"Arts, Design, Entertainment, Sports, and Media",52488.832265,101,111,212,920976.05,1015025.71,1936001.76,3,0.565872,0.620843,999.681681,0.071644,0.072433,0.003844,0,0,5,17,0.500949
2720,"Athletes, Coaches, Umpires, and Related Workers","Arts, Design, Entertainment, Sports, and Media",43763.700144,87,80,167,771706.96,557522.05,1329229.01,3,0.546005,0.587214,389.82546,0.062099,0.058291,0.003485,0,0,5,48,0.430514
2810,"Editors, News Analysts, Reporters, and Correspondents","Arts, Design, Entertainment, Sports, and Media",54641.118355,58,47,105,325439.07,358901.7,684340.77,3,0.5125,0.542868,182.620426,0.034939,0.028204,0.002407,0,0,5,75,0.242888
2900,"Broadcast and Sound Engineering Technicians and Radio Operators, and media and communication equipment workers, all other","Arts, Design, Entertainment, Sports, and Media",46731.261245,48,50,98,296041.17,250811.3,546852.47,3,0.524419,0.552476,128.418833,0.034345,0.036078,0.001926,0,0,5,47,0.225957
3730,"Supervisors, Protective Service Workers, All Other",Protective Service,58426.187458,27,32,59,253663.12,195405.44,449068.56,3,0.508455,0.529194,69.341123,0.021244,0.024527,0.00116,0,0,3,163,0.126955
4060,"Counter Attendant, Cafeteria, Food Concession, and Coffee Shop",Food Preparation and Serving,10771.919103,49,61,110,465374.16,304052.41,769426.57,3,0.532468,0.56541,106.877281,0.044086,0.045971,0.001817,0,0,9,50,0.293827
4320,First-Line Supervisors of Personal Service Workers,Personal Care and Service,34823.694764,36,28,64,240333.88,109103.72,349437.6,3,0.500555,0.521064,44.547256,0.028753,0.020593,0.001511,0,0,0,86,0.178674
4540,Tour and Travel Guides,Personal Care and Service,22829.575074,30,50,80,115516.01,168748.62,284264.63,3,0.524419,0.552476,90.137785,0.024245,0.033278,0.001364,0,0,9,53,0.150591
4640,Residential Advisors,Personal Care and Service,38307.255691,29,35,64,84682,110540.62,195222.62,3,0.502227,0.527347,51.389969,0.019959,0.021532,0.001339,0,0,9,54,0.126385
4740,Counter and Rental Clerks,Sales and Related,35432.916623,68,60,128,399676.25,296458.99,696135.24,3,0.529965,0.563193,154.637655,0.054395,0.045979,0.00237,0,0,1,52,0.35412
4930,Sales Engineers,Sales and Related,104854.531633,18,25,43,108727.64,83040.49,191768.13,3,0.493976,0.514412,7.420293,0.01764,0.017984,0.000861,0,0,1,56,0.111868
4965,"Sales and Related Workers, All Other",Sales and Related,44217.186307,90,98,188,996717.36,647815.66,1644533.02,3,0.560248,0.608278,674.888782,0.065496,0.067027,0.003349,0,0,1,41,0.45272
5110,Billing and Posting Clerks,Office and Administrative Support,45999.213378,49,50,99,230356.5,199004.79,429361.29,3,0.521991,0.550998,136.93921,0.038818,0.034192,0.001893,0,0,9,115,0.260104
5165,"Financial Clerks, nec",Office and Administrative Support,73103.728766,27,21,48,92442.7,92666.01,185108.71,3,0.473739,0.497044,24.651669,0.019342,0.012339,0.001162,0,0,9,110,0.126882
5300,"Hotel, Motel, and Resort Desk Clerks",Office and Administrative Support,23025.648817,64,53,117,277759.67,198132,475891.67,3,0.526254,0.555802,394.615114,0.04624,0.03607,0.002763,0,0,9,107,0.314411
5350,Correspondent clerks and order clerks,Office and Administrative Support,34693.0952,54,56,110,283526.07,218372.44,501898.51,3,0.525029,0.55728,185.202766,0.038618,0.038621,0.002224,0,0,9,55,0.260623
5410,Reservation and Transportation Ticket Agents and Travel Clerks,Office and Administrative Support,39391.407446,56,65,121,289666.14,200611.28,490277.42,3,0.528722,0.566149,276.08155,0.040634,0.041983,0.002204,0,0,9,61,0.271529
5560,"Postal Service Mail Sorters, Processors, and Processing Machine Operators",Office and Administrative Support,51332.66473,24,12,36,157085.52,81402.03,238487.55,3,0.474238,0.490761,8.442579,0.020046,0.011063,0.001086,0,0,4,143,0.123515
5610,"Shipping, Receiving, and Traffic Clerks",Office and Administrative Support,32418.664485,122,134,256,1401825.89,1255846.05,2657671.94,2,0.58724,0.648559,1532.108593,0.079385,0.08719,0.004616,0,0,9,160,0.551015
5700,Secretaries and Administrative Assistants,Office and Administrative Support,45804.980185,89,71,160,558239.58,482960.13,1041199.71,3,0.536266,0.575018,302.552724,0.064393,0.046884,0.00336,0,0,9,44,0.442226
5810,Data Entry Keyers,Office and Administrative Support,33101.782832,82,66,148,442917.52,309247.98,752165.5,3,0.534994,0.570584,304.119757,0.060389,0.046409,0.002957,0,0,9,175,0.402892
5840,Insurance Claims and Policy Processing Clerks,Office and Administrative Support,45335.980232,50,28,78,239056.84,131401.44,370458.28,3,0.503911,0.523282,90.870479,0.038562,0.021429,0.002028,0,0,9,87,0.262642
6740,Rail-Track Laying and Maintenance Equipment Operators,Construction,54137.333259,14,16,30,59135.55,49570.11,108705.66,3,0.48081,0.498522,3.400995,0.010844,0.012391,0.00074,0,0,7,36,0.063755
7240,Small Engine Mechanics,"Installation, Maintenance, and Repair",29303.302141,42,43,85,229591.18,146552.41,376143.59,3,0.5125,0.539911,44.516139,0.03345,0.031118,0.001559,0,0,6,98,0.218115
7260,"Vehicle and Mobile Equipment Mechanics, Installers, and Repairers, nec","Installation, Maintenance, and Repair",27161.946499,63,71,134,417310.76,332135.54,749446.3,3,0.538186,0.576127,170.397516,0.050117,0.051967,0.002197,0,0,6,76,0.322501
7630,"Other Installation, Maintenance, and Repair Workers Including Wind Turbine Service Technicians, and Commercial Divers, and Signal and Track Switch Repairers","Installation, Maintenance, and Repair",35969.140667,98,101,199,752121.12,576520.11,1328641.23,3,0.559553,0.610126,533.179575,0.071418,0.06636,0.003451,0,0,6,67,0.484545
7855,"Food Processing, nec",Production,43278.740039,56,46,102,314670.55,219027.55,533698.1,3,0.509029,0.539911,99.923774,0.040134,0.026971,0.002028,0,0,9,78,0.265362
8140,"Welding, Soldering, and Brazing Workers",Production,39760.327696,155,154,309,1543275.36,1703196.61,3246471.97,3,0.598143,0.668514,2619.186991,0.091339,0.087059,0.005677,0,0,9,68,0.628803
8230,"Bookbinders, Printing Machine Operators, and Job Printers",Production,37308.856684,91,111,202,619119.59,529444.1,1148563.69,3,0.565872,0.620843,815.458995,0.059502,0.064662,0.003275,0,0,9,65,0.398612
4210,"First-Line Supervisors of Landscaping, Lawn Service, and Groundskeeping Workers",Building and Grounds Cleaning and Maintenance,31730.454869,57,57,114,507597.36,366540.9,874138.26,3,0.528103,0.559867,114.332705,0.045044,0.04789,0.002045,0,0,0,137,0.296437
6765,"Construction workers, nec",Construction,31218.353312,62,55,117,377910.89,303760.96,681671.85,3,0.52381,0.555802,180.759953,0.047286,0.03708,0.0022,0,0,7,36,0.315221
7315,"Heating, Air Conditioning, and Refrigeration Mechanics and Installers","Installation, Maintenance, and Repair",42574.736655,106,101,207,1273344.63,1005442.48,2278787.11,3,0.55886,0.609756,734.676387,0.071604,0.069378,0.003831,0,0,6,140,0.485373
8220,"Metal workers and plastic workers, nec",Production,39567.178032,119,127,246,1048833.41,978327.61,2027161.02,3,0.577465,0.638581,1304.783482,0.077056,0.075115,0.004124,0,0,9,129,0.521524
9410,Transportation Inspectors,Transportation and Material Moving,60840.273899,19,24,43,121559.7,71225.61,192785.31,3,0.493976,0.513673,15.288894,0.016617,0.017805,0.000926,0,0,9,51,0.106995
1610,Biological Scientists,"Life, Physical, and Social Science",69521.878842,28,29,57,159123.14,137677.83,296800.97,3,0.49615,0.518847,133.871719,0.014108,0.018464,0.001499,0,0,2,23,0.083311
3600,"Nursing, Psychiatric, and Home Health Aides",Healthcare Support,27989.207524,86,75,161,823133.48,525653.67,1348787.15,3,0.544029,0.582409,801.6511,0.061985,0.055311,0.003432,0,0,8,161,0.421457
4240,Pest Control Workers,Building and Grounds Cleaning and Maintenance,36916.868944,45,46,91,466403.17,245945.84,712349.01,3,0.519585,0.546563,85.404879,0.035909,0.038143,0.001711,0,0,9,83,0.236842
4460,Funeral Service Workers and Embalmers,Personal Care and Service,34939.440147,26,20,46,134280.19,79971.75,214251.94,3,0.446977,0.47524,34.292094,0.016481,0.010218,0.001307,0,0,9,53,0.10989
7200,Automotive Service Technicians and Mechanics,"Installation, Maintenance, and Repair",34184.174978,155,153,308,2321045.94,2421599.75,4742645.69,3,0.598938,0.668145,1849.225561,0.09684,0.094735,0.005404,0,0,6,111,0.662485
560,"Compliance Officers, Except Agriculture",Business Operations Specialists,71967.319885,66,53,119,385590.72,326256.38,711847.1,3,0.523202,0.553954,288.984925,0.045254,0.031767,0.002695,0,0,0,116,0.307549
830,Credit Analysts,Financial Specialists,76030.684887,13,7,20,24982.7,8113.6,33096.3,4,0.37963,0.400037,5.989619,0.007953,0.002422,0.000864,0,0,0,2,0.047895
860,Insurance Underwriters,Financial Specialists,87796.734516,21,24,45,123835.8,99747.48,223583.28,3,0.466391,0.493718,39.178308,0.01481,0.011863,0.001152,0,0,0,2,0.103013
900,Financial Examiners,Financial Specialists,101183.450869,10,9,19,18630.05,14233.74,32863.79,3,0.388793,0.411308,2.435829,0.005654,0.003519,0.000719,0,0,0,2,0.029367
2760,"Entertainers and Performers, Sports and Related Workers, All Other","Arts, Design, Entertainment, Sports, and Media",22677.993827,30,30,60,177072.19,113125.16,290197.35,3,0.502787,0.524021,23.092454,0.025812,0.022987,0.001354,0,0,5,9,0.170803
3040,Optometrists,Healthcare Practitioners and Technicians,102623.489468,14,7,21,72608.23,67019.56,139627.79,4,0.363417,0.380266,23.532668,0.007393,0.003002,0.001816,0,0,2,72,0.054438
3120,Podiatrists,Healthcare Practitioners and Technicians,135264.231855,10,4,14,34466.22,14679.44,49145.66,4,0.331618,0.341094,4.009166,0.006121,0.001472,0.001173,0,0,2,72,0.049825
4230,Maids and Housekeeping Cleaners,Building and Grounds Cleaning and Maintenance,22336.400381,66,67,133,836078.15,432091.43,1268169.58,3,0.535629,0.571693,193.766956,0.052794,0.049733,0.002329,0,0,9,107,0.34392
4600,Childcare Workers,Personal Care and Service,26989.203709,66,55,121,454300.78,256985.42,711286.2,3,0.524419,0.556171,237.577082,0.047633,0.038862,0.002598,0,0,9,83,0.315486
5150,Procurement Clerks,Office and Administrative Support,71520.639395,12,16,28,46341.95,41867.76,88209.71,3,0.484425,0.501109,10.330154,0.008359,0.012699,0.000759,0,0,9,113,0.060746
5340,New Account Clerks,Office and Administrative Support,50702.625504,12,3,15,32508.54,12570.53,45079.07,3,0.406306,0.425351,1.046547,0.007529,0.002442,0.000717,0,0,9,110,0.043122
7140,Aircraft Mechanics and Service Technicians,"Installation, Maintenance, and Repair",57256.842738,50,66,116,454058.68,368899.04,822957.72,3,0.534994,0.570584,170.631509,0.03887,0.046578,0.001894,0,0,6,29,0.253435
8800,Packaging and Filling Machine Operators and Tenders,Production,29456.710157,106,87,193,754466.8,458076.09,1212542.89,3,0.54733,0.593126,645.296688,0.070507,0.05789,0.003714,0,0,9,179,0.468331
5310,"Interviewers, Except Eligibility and Loan",Office and Administrative Support,34246.916577,63,64,127,214665.04,216434.78,431099.82,3,0.53436,0.568736,230.986438,0.043377,0.04257,0.002463,0,0,9,104,0.297614
5360,"Human Resources Assistants, Except Payroll and Timekeeping",Office and Administrative Support,50296.58251,21,19,40,71671.74,60084.5,131756.24,3,0.470772,0.493348,30.93069,0.015738,0.01197,0.001019,0,0,9,79,0.08638
6530,Structural Iron and Steel Workers,Construction,42444.777611,49,49,98,323673.15,219203.11,542876.26,3,0.516018,0.546563,101.934326,0.038495,0.034537,0.001798,0,0,7,88,0.245136
2330,Special Education Teachers,"Education, Training, and Library",49009.591192,33,16,49,169648.34,120229.47,289877.81,3,0.46447,0.486327,16.67731,0.028352,0.010749,0.001381,0,0,2,114,0.190448
4130,"Food preparation and serving related workers, nec",Food Preparation and Serving,14257.354738,101,125,226,1265360.87,834836.87,2100197.74,3,0.578947,0.637842,599.318176,0.073326,0.082491,0.003396,0,0,9,43,0.487107
4610,Personal Care Aides,Personal Care and Service,25536.003584,90,87,177,821279.71,609894.16,1431173.87,3,0.552696,0.596083,953.244569,0.062168,0.058254,0.003651,0,0,9,159,0.436476
6130,Logging Workers,"Farming, Fisheries, and Forestry",25181.767457,45,43,88,304460.98,218736.09,523197.07,3,0.510759,0.538803,128.751982,0.036172,0.028501,0.00165,0,0,9,76,0.220728
6730,Highway Maintenance Workers,Construction,40966.63752,51,56,107,362376.85,260448.74,622825.59,3,0.527485,0.558758,161.261498,0.037588,0.041607,0.00205,0,0,7,185,0.246374
7750,"Assemblers and Fabricators, nec",Production,34198.040963,179,195,374,2561427.51,2271236.1,4832663.61,2,0.637907,0.716186,4426.997498,0.102553,0.109764,0.006521,0,0,9,169,0.717928
8040,"Metal Furnace Operators, Tenders, Pourers, and Casters",Production,45015.660529,37,29,66,123680.35,68158.34,191838.69,3,0.477754,0.505913,33.100281,0.026486,0.018004,0.001464,0,0,9,194,0.171252
8060,"Model Makers and Patternmakers, Metal and Plastic",Production,46351.230739,8,5,13,10792.59,6329.12,17121.71,4,0.40376,0.424612,7.101549,0.004603,0.002783,0.000731,0,0,9,90,0.031623
9350,Parking Lot Attendants,Transportation and Material Moving,22007.066959,51,48,99,373022.9,261267.25,634290.15,3,0.519585,0.548041,86.481521,0.041933,0.038321,0.001915,0,0,9,92,0.273291
9510,Crane and Tower Operators,Transportation and Material Moving,55524.195565,32,32,64,239006.93,158916.67,397923.6,3,0.5,0.523651,32.476385,0.024905,0.025261,0.001309,0,0,9,175,0.152382
9640,"Packers and Packagers, Hand",Transportation and Material Moving,23874.98295,120,94,214,1383045.75,873756.94,2256802.69,3,0.555419,0.602735,625.305809,0.082506,0.065421,0.004116,0,0,9,166,0.568406
3650,"Medical Assistants and Other Healthcare Support Occupations, nec",Healthcare Support,35340.738353,82,83,165,544535.87,598803.48,1143339.35,3,0.547995,0.59054,759.148007,0.05988,0.055791,0.003334,0,0,8,73,0.404146
4200,First-Line Supervisors of Housekeeping and Janitorial Workers,Building and Grounds Cleaning and Maintenance,39908.781384,54,54,108,414607.68,407205.64,821813.32,3,0.526254,0.556541,90.254889,0.04467,0.042395,0.001906,0,0,0,182,0.281918
4830,Travel Agents,Sales and Related,43982.901371,22,17,39,100748.31,52955.52,153703.83,3,0.479277,0.498152,9.354534,0.017619,0.013561,0.000981,0,0,1,56,0.111668
5910,Proofreaders and Copy Markers,Office and Administrative Support,24309.853652,9,4,13,14232.06,5622.87,19854.93,3,0.407407,0.427199,1.476872,0.005928,0.002513,0.000643,0,0,9,85,0.044292
6050,"Agricultural workers, nec","Farming, Fisheries, and Forestry",23702.178526,102,158,260,1305672.07,1288327.67,2593999.74,3,0.604558,0.674427,1036.323972,0.074717,0.094967,0.003457,0,0,9,101,0.4973
1520,"Petroleum, mining and geological engineers, including mining safety engineers",Architecture and Engineering,108252.654072,26,20,46,133051.57,87804.03,220855.6,3,0.484946,0.504435,21.957118,0.019202,0.012474,0.001207,0,0,2,102,0.112395
4750,Parts Salespersons,Sales and Related,37410.228347,59,68,127,464075.18,458378.44,922453.62,3,0.533728,0.571323,185.32393,0.048473,0.048677,0.002138,0,0,1,34,0.319392
5260,File Clerks,Office and Administrative Support,28121.83471,68,73,141,273634.72,236840.35,510475.07,3,0.534994,0.575758,324.852956,0.047197,0.046584,0.002587,0,0,9,150,0.314093
7350,"Maintenance Workers, Machinery","Installation, Maintenance, and Repair",42969.692567,39,34,73,147169,108152.11,255321.11,3,0.509605,0.531412,28.36144,0.03132,0.027402,0.001525,0,0,6,188,0.206915
7420,Telecommunications Line Installers and Repairers,"Installation, Maintenance, and Repair",49554.662615,77,81,158,624487.75,573653.05,1198140.8,3,0.544686,0.587214,338.165992,0.058508,0.053768,0.002842,0,0,6,152,0.392609
7720,"Electrical, Electronics, and Electromechanical Assemblers",Production,31839.799341,76,76,152,403690.09,281284.52,684974.61,3,0.539474,0.580562,445.95892,0.052689,0.051228,0.002714,0,0,9,187,0.341438
8030,Machinists,Production,43936.190917,113,125,238,981336.53,873615.78,1854952.31,3,0.578947,0.637842,1215.880374,0.070936,0.072756,0.004024,0,0,9,190,0.484768
8540,"Woodworking Machine Setters, Operators, and Tenders, Except Sawing",Production,27516.091696,31,40,71,92194.57,97170.3,189364.87,3,0.507883,0.534738,80.319727,0.024568,0.026923,0.001234,0,0,9,192,0.143976
9030,Aircraft Pilots and Flight Engineers,Transportation and Material Moving,116117.790001,26,27,53,327352.58,221018.37,548370.95,3,0.496696,0.517738,47.539669,0.018508,0.017064,0.001253,0,0,2,74,0.114394
9040,Air Traffic Controllers and Airfield Operations Specialists,Transportation and Material Moving,109617.7355,16,10,26,74113.25,83676.69,157789.94,3,0.446093,0.46711,4.54424,0.013565,0.006374,0.000784,0,0,2,74,0.08269
9150,"Motor Vehicle Operators, All Other",Transportation and Material Moving,23916.819608,40,26,66,370503.88,211967.07,582470.95,3,0.492358,0.514043,42.476161,0.031684,0.018548,0.001558,0,0,9,115,0.210778
1310,"Surveyors, Cartographers, and Photogrammetrists",Architecture and Engineering,54165.753859,17,21,38,55248.82,72548.66,127797.48,3,0.498894,0.514782,8.603216,0.016006,0.017303,0.000856,0,0,9,25,0.099065
1720,Chemists and Materials Scientists,"Life, Physical, and Social Science",78915.208902,29,28,57,168215.48,167982.8,336198.28,3,0.503348,0.522912,141.497544,0.017447,0.017643,0.001507,0,0,2,128,0.113076
1900,Agricultural and Food Science Technicians,"Life, Physical, and Social Science",51927.507826,24,9,33,74942.47,54562.37,129504.84,3,0.451451,0.470806,17.067103,0.018681,0.006295,0.001154,0,0,2,33,0.117948
3250,Veterinarians,Healthcare Practitioners and Technicians,86117.675302,30,6,36,87315.82,14377.29,101693.11,3,0.388124,0.408352,53.230933,0.023502,0.003059,0.001908,0,0,9,132,0.151042
6005,"First-Line Supervisors of Farming, Fishing, and Forestry Workers","Farming, Fisheries, and Forestry",40259.648152,23,24,47,56584.63,53653.51,110238.14,3,0.502787,0.519586,25.928718,0.018354,0.020037,0.001019,0,0,9,141,0.11347
6010,Agricultural Inspectors,"Farming, Fisheries, and Forestry",51671.859423,13,9,22,56534.06,21771.72,78305.78,3,0.453266,0.472284,7.184156,0.01124,0.005265,0.000655,0,0,9,33,0.061405
6040,"Graders and Sorters, Agricultural Products","Farming, Fisheries, and Forestry",25377.75663,23,33,56,118008.46,114504.98,232513.44,3,0.507883,0.529564,37.848651,0.02044,0.024906,0.000991,0,0,9,33,0.124369
6210,Boilermakers,Construction,49811.747979,16,16,32,88123.58,57075.82,145199.4,3,0.475237,0.494457,16.745658,0.011704,0.012512,0.000835,0,0,9,133,0.064454
6250,"Cement Masons, Concrete Finishers, and Terrazzo Workers",Construction,30931.42484,28,40,68,296775.08,219515.2,516290.28,3,0.51484,0.539172,13.591392,0.027236,0.033627,0.00105,0,0,9,78,0.160748
6300,"Paving, Surfacing, and Tamping Equipment Operators",Construction,30123.764606,20,21,41,89226.75,70437.11,159663.86,3,0.485468,0.505543,6.326418,0.016486,0.01741,0.00087,0,0,9,99,0.099391
6440,"Pipelayers, Plumbers, Pipefitters, and Steamfitters",Construction,43087.287512,118,113,231,1437672.77,1568120.07,3005792.84,3,0.566583,0.62269,903.013464,0.081793,0.073746,0.004019,0,0,7,193,0.551142
6515,Roofers,Construction,26757.286237,77,97,174,1020544.9,716067.03,1736611.93,3,0.556104,0.605322,403.859445,0.05658,0.067938,0.00274,0,0,7,170,0.377896
6710,Fence Erectors,Construction,23090.112229,27,31,58,162197.84,135954.54,298152.38,3,0.503348,0.525129,24.221297,0.021325,0.025438,0.001114,0,0,7,137,0.133333
6840,Mining Machine Operators,Extraction,62745.64749,47,50,97,225985.82,205846.55,431832.37,3,0.521387,0.550628,115.89302,0.036036,0.038506,0.001826,0,0,7,187,0.241225
6940,"Extraction workers, nec",Extraction,62368.40564,73,63,136,380505.12,304700.3,685205.42,3,0.529965,0.56541,216.841396,0.055759,0.045422,0.002597,0,0,7,177,0.370852
7150,Automotive Body and Related Repairers,"Installation, Maintenance, and Repair",35393.337363,75,65,140,546647.97,427592.34,974240.31,3,0.528103,0.56578,324.799532,0.051182,0.042061,0.002803,0,0,6,119,0.353484
7810,"Butchers and Other Meat, Poultry, and Fish Processing Workers",Production,29884.931452,99,112,211,857159.17,766432.39,1623591.56,3,0.565872,0.621582,821.651215,0.066093,0.069628,0.003548,0,0,9,189,0.440559
8300,Laundry and Dry-Cleaning Workers,Production,23111.91833,77,74,151,400266.43,276823.04,677089.47,3,0.539474,0.579084,380.040014,0.05184,0.050996,0.002881,0,0,9,183,0.341842
8630,"Plant and System Operators, nec",Production,61449.443012,45,36,81,136560.12,113917.94,250478.06,3,0.507883,0.531781,83.393333,0.029009,0.02297,0.00179,0,0,9,172,0.208461
8710,Cutting Workers,Production,31847.217587,68,72,140,279340.97,264387.33,543728.3,3,0.533097,0.57391,470.532125,0.04597,0.04371,0.002628,0,0,9,195,0.309544
8810,Painting Workers and Dyers,Production,35335.680651,87,93,180,590438.41,474367.96,1064806.37,3,0.55202,0.600148,509.157335,0.057328,0.05962,0.003156,0,0,9,96,0.386016
8830,Photographic Process Workers and Processing Machine Operators,Production,47388.940143,32,35,67,88453.49,98530.96,186984.45,3,0.509029,0.531781,28.952968,0.028663,0.027348,0.001274,0,0,9,173,0.188783
8920,"Molders, Shapers, and Casters, Except Metal and Plastic",Production,26973.782907,45,45,90,181325.79,109581.47,290907.26,3,0.51484,0.542868,99.976011,0.034959,0.028063,0.00167,0,0,9,145,0.226551
8950,Helpers--Production Workers,Production,24686.617353,52,27,79,301174.96,131815.63,432990.59,3,0.504474,0.522912,23.295536,0.043941,0.024179,0.001773,0,0,9,5,0.278033
9240,Railroad Conductors and Yardmasters,Transportation and Material Moving,65524.784978,40,30,70,199592.16,94475.59,294067.75,3,0.501669,0.523282,52.541253,0.031422,0.022308,0.001617,0,0,9,90,0.204187
9420,"Transportation workers, nec",Transportation and Material Moving,47441.083374,28,19,47,124297.24,72252.77,196550.01,3,0.493976,0.509978,14.046774,0.027238,0.015872,0.001161,0,0,9,90,0.177141
9610,Cleaners of Vehicles and Equipment,Transportation and Material Moving,23055.112549,134,134,268,1778954.32,1001962.23,2780916.55,3,0.585714,0.64782,1383.526132,0.086181,0.086593,0.005009,0,0,9,196,0.606527
320,Funeral Directors,"Management in Business, Science, and Arts",62846.103083,13,9,22,60142.04,21050.22,81192.26,3,0.454637,0.473392,3.485553,0.010527,0.007547,0.000725,0,0,0,176,0.062789
2910,Photographers,"Arts, Design, Entertainment, Sports, and Media",31679.613536,65,43,108,350818.8,211413.31,562232.11,3,0.511918,0.539542,177.614573,0.047387,0.03115,0.002588,0,0,5,117,0.32276
3900,Animal Control,Protective Service,35859.462057,9,8,17,42700.68,23048.15,65748.83,3,0.451451,0.470067,1.725925,0.010121,0.006261,0.000603,0,0,9,69,0.071365
5420,"Information and Record Clerks, All Other",Office and Administrative Support,43458.500589,55,43,98,207052.21,131525.35,338577.56,3,0.51484,0.54139,134.050318,0.041967,0.029722,0.002133,0,0,9,191,0.280583
6360,Glaziers,Construction,36654.599286,33,31,64,168881.22,109139.97,278021.19,3,0.499446,0.522542,82.184868,0.025547,0.020894,0.001294,0,0,7,137,0.156361
6420,"Painters, Construction and Maintenance",Construction,23176.250079,116,136,252,1812024.06,1502809.55,3314833.61,3,0.586476,0.649667,1253.903726,0.078084,0.089695,0.004022,0,0,7,71,0.526895
6460,Plasterers and Stucco Masons,Construction,25586.159182,30,23,53,419154.87,129517.87,548672.74,3,0.482869,0.505174,16.65952,0.025606,0.015184,0.001154,0,0,9,12,0.159648
7120,Electronic Home Entertainment Equipment Installers and Repairers,"Installation, Maintenance, and Repair",40046.558431,47,32,79,164653.02,149233.46,313886.48,3,0.507883,0.528825,39.536404,0.039398,0.024286,0.001745,0,0,6,181,0.264816
7800,Bakers,Production,26353.910755,82,79,161,421674.8,389058.2,810733,3,0.542067,0.584257,516.52072,0.054536,0.051651,0.003054,0,0,9,157,0.368846
8010,"Lathe and Turning Machine Tool Setters, Operators, and Tenders, Metal and Plastic",Production,34464.668568,30,24,54,71442.72,75789.02,147231.74,3,0.482353,0.505543,22.468974,0.022325,0.016584,0.001219,0,0,9,195,0.14372
330,Gaming Managers,"Management in Business, Science, and Arts",48962.989851,9,8,17,39670.99,23093.49,62764.48,3,0.44043,0.460828,1.562439,0.007419,0.005525,0.000609,0,0,0,117,0.03919
360,Natural Science Managers,"Management in Business, Science, and Arts",120694.418341,9,7,16,46970.14,23011.09,69981.23,3,0.437864,0.457871,4.518656,0.006027,0.003731,0.000663,0,0,0,121,0.041616
1650,"Medical Scientists, and Life Scientists, All Other","Life, Physical, and Social Science",96179.430556,38,29,67,197971.81,180360.84,378332.65,3,0.500555,0.521803,174.675091,0.019794,0.016137,0.002226,0,0,2,23,0.146156
1820,Psychologists,"Life, Physical, and Social Science",64773.227625,29,24,53,130049.84,99695.98,229745.82,3,0.481838,0.505174,54.922988,0.019856,0.012611,0.001393,0,0,5,75,0.125687
2430,Librarians,"Education, Training, and Library",46664.442418,19,27,46,98749.77,121381.64,220131.41,3,0.476241,0.503326,32.688536,0.014275,0.014725,0.001012,0,0,2,148,0.089177
3410,Health Diagnosing and Treating Practitioner Support Technicians,Healthcare Practitioners and Technicians,39178.721026,48,53,101,408272.45,343281.78,751554.23,3,0.52381,0.554324,494.844688,0.033518,0.035843,0.002183,0,0,8,136,0.21632
4950,"Door-to-Door Sales Workers, News and Street Vendors, and Related Workers",Sales and Related,20731.519015,74,67,141,470145.41,314133.93,784279.34,3,0.534994,0.571323,195.065432,0.060381,0.049457,0.002562,0,0,1,105,0.400309
5330,Loan Interviewers and Clerks,Office and Administrative Support,41628.942588,64,74,138,289067.25,268250.1,557317.35,3,0.539474,0.579084,258.779777,0.046734,0.05156,0.002404,0,0,9,87,0.315586
5820,Word Processors and Typists,Office and Administrative Support,31566.168668,28,17,45,108202.52,35131.85,143334.37,3,0.474238,0.494457,39.475101,0.023277,0.011303,0.0013,0,0,9,85,0.146127
7160,Automotive Glass Installers and Repairers,"Installation, Maintenance, and Repair",32802.298816,32,23,55,96306.35,53063.22,149369.57,3,0.489154,0.509608,31.033948,0.02332,0.016134,0.001341,0,0,6,146,0.155119
7510,"Coin, Vending, and Amusement Machine Servicers and Repairers","Installation, Maintenance, and Repair",32582.210146,42,34,76,192260.58,108078.98,300339.56,3,0.5,0.525129,28.222235,0.033958,0.024223,0.001532,0,0,6,120,0.212303
1320,Aerospace Engineers,Architecture and Engineering,96291.117122,26,27,53,308401.22,219409.93,527811.15,3,0.494518,0.51626,60.706464,0.014564,0.015849,0.001338,0,0,2,155,0.101884
1350,Chemical Engineers,Architecture and Engineering,97730.033348,26,20,46,190105.34,131008.46,321113.8,3,0.475237,0.497413,36.277465,0.017995,0.011501,0.001287,0,0,2,155,0.120816
8610,Stationary Engineers and Boiler Operators,Production,58139.976958,60,59,119,273872.09,223862.47,497734.56,3,0.519585,0.556171,217.072686,0.039124,0.034805,0.002265,0,0,9,179,0.259207
1640,Conservation Scientists and Foresters,"Life, Physical, and Social Science",52949.889717,21,21,42,52642.31,42249.53,94891.84,3,0.466874,0.49187,72.88343,0.013812,0.010531,0.001123,0,0,2,121,0.085417
2800,Announcers,"Arts, Design, Entertainment, Sports, and Media",45190.977896,41,31,72,228086.38,152811.29,380897.67,3,0.502227,0.52439,30.816449,0.033305,0.023416,0.001663,0,0,5,9,0.220981
2860,"Media and Communication Workers, nec","Arts, Design, Entertainment, Sports, and Media",37017.683617,19,26,45,118038.88,90807.55,208846.43,3,0.477754,0.503695,40.002307,0.015136,0.014713,0.000981,0,0,5,118,0.094007
3130,Registered Nurses,Healthcare Practitioners and Technicians,75549.986228,53,40,93,576923.76,332143.79,909067.55,3,0.49506,0.526238,1618.664442,0.035994,0.020197,0.002708,0,0,2,154,0.235189
3320,Diagnostic Related Technologists and Technicians,Healthcare Practitioners and Technicians,67581.790049,33,26,59,266692.02,306674.63,573366.65,3,0.483906,0.50813,193.483792,0.023012,0.013933,0.001782,0,0,8,72,0.140972
3710,First-Line Supervisors of Police and Detectives,Protective Service,77058.066861,17,30,47,183138.73,192238.05,375376.78,3,0.499446,0.521803,25.194534,0.014916,0.022522,0.000793,0,0,3,89,0.087391
3750,Fire Inspectors,Protective Service,64878.240349,14,11,25,65055.43,57608.33,122663.76,3,0.455096,0.47524,7.779977,0.014493,0.007405,0.000719,0,0,3,182,0.086378
4350,Nonfarm Animal Caretakers,Personal Care and Service,18433.677494,47,40,87,295637.01,206161.14,501798.15,3,0.509605,0.535846,81.697059,0.036809,0.029312,0.001818,0,0,9,86,0.233197
4510,"Hairdressers, Hairstylists, and Cosmetologists",Personal Care and Service,27127.282987,38,20,58,289014.22,193818.19,482832.41,3,0.447865,0.475979,33.123868,0.024097,0.00949,0.001626,0,0,9,53,0.157202
4520,"Personal Appearance Workers, nec",Personal Care and Service,19597.413529,33,22,55,218532.46,120694.97,339227.43,3,0.471757,0.496305,40.425321,0.023922,0.012033,0.001485,0,0,9,55,0.146943
4650,"Personal Care and Service Workers, All Other",Personal Care and Service,21855.8236,61,52,113,301001.29,268273.11,569274.4,3,0.525029,0.554324,164.489599,0.04484,0.037952,0.002331,0,0,9,143,0.292971
5020,Telephone Operators,Office and Administrative Support,34354.565169,17,20,37,55306.12,61041.34,116347.46,3,0.479277,0.50037,12.743875,0.014353,0.014614,0.000906,0,0,9,112,0.089376
5100,Bill and Account Collectors,Office and Administrative Support,36147.681413,66,70,136,285883.98,263950.99,549834.97,3,0.536905,0.574649,353.498134,0.047508,0.044759,0.002466,0,0,9,79,0.323189
5140,Payroll and Timekeeping Clerks,Office and Administrative Support,39418.48355,27,14,41,66496.99,59806.97,126303.96,3,0.474737,0.492609,13.756189,0.020768,0.010268,0.001187,0,0,9,79,0.128168
5630,"Weighers, Measurers, Checkers, and Samplers, Recordkeeping",Office and Administrative Support,37509.755774,32,26,58,146821.98,107866.51,254688.49,3,0.498343,0.518108,23.556757,0.032398,0.021024,0.001264,0,0,9,115,0.202081
5850,"Mail Clerks and Mail Machine Operators, Except Postal Service",Office and Administrative Support,27726.631386,43,47,90,248627.4,205682.55,454309.95,3,0.520185,0.547672,77.049784,0.034993,0.034179,0.001676,0,0,9,126,0.227309
6240,"Carpet, Floor, and Tile Installers and Finishers",Construction,23560.123873,63,53,116,791687.48,511117.22,1302804.7,3,0.525029,0.555063,95.962131,0.053661,0.041074,0.002157,0,0,9,97,0.34763
6400,Insulation Workers,Construction,35606.845593,45,38,83,284475.48,226688.37,511163.85,3,0.505039,0.531412,66.933696,0.036364,0.027526,0.001601,0,0,7,99,0.223447
6520,"Sheet Metal Workers, metal-working",Construction,41852.210162,67,69,136,480248.19,392347.18,872595.37,3,0.53184,0.570953,248.807833,0.052423,0.047824,0.002402,0,0,7,108,0.347897
6600,"Helpers, Construction Trades",Construction,23293.765853,83,71,154,496894.25,317474.78,814369.03,3,0.538186,0.576127,371.072746,0.061337,0.050307,0.002924,0,0,7,14,0.406052
8000,"Grinding, Lapping, Polishing, and Buffing Machine Tool Setters, Operators, and Tenders, Metal and Plastic",Production,34426.492202,63,47,110,242383.16,221206.33,463589.49,3,0.517202,0.545824,166.221632,0.043267,0.034849,0.002369,0,0,9,167,0.290367
8100,"Molders and Molding Machine Setters, Operators, and Tenders, Metal and Plastic",Production,37686.830116,56,48,104,198868.27,152157.15,351025.42,3,0.516609,0.546194,146.000125,0.040268,0.034111,0.002156,0,0,9,174,0.268793
8450,Upholsterers,Production,23142.400019,33,37,70,142822.59,118661.37,261483.96,3,0.505605,0.531042,44.428535,0.023193,0.022659,0.001309,0,0,9,163,0.14114
9050,Flight Attendants and Transportation Workers and Attendants,Transportation and Material Moving,50018.85374,37,32,69,128544.7,135434.17,263978.87,3,0.496696,0.521434,83.037698,0.02879,0.019632,0.001559,0,0,2,74,0.182062
9230,"Railroad Brake, Signal, and Switch Operators",Transportation and Material Moving,50681.974501,12,3,15,22094.53,6207.93,28302.46,3,0.415285,0.43422,10.050752,0.011146,0.002232,0.000678,0,0,9,90,0.062223
9650,Pumping Station Operators,Transportation and Material Moving,35138.506095,48,54,102,224729.12,166358.33,391087.45,3,0.522596,0.554324,159.02652,0.040738,0.038504,0.001748,0,0,9,81,0.255995
4400,Gaming Services Workers,Personal Care and Service,32489.114396,35,32,67,200783.16,225109.93,425893.09,3,0.502787,0.525499,71.508484,0.025023,0.018969,0.001556,0,0,9,53,0.163724
2300,Preschool and Kindergarten Teachers,"Education, Training, and Library",35415.364789,19,13,32,79082.68,47577.92,126660.6,3,0.472746,0.490392,4.985925,0.015979,0.010514,0.000921,0,0,2,48,0.100779
3220,Respiratory Therapists,Healthcare Practitioners and Technicians,62667.74329,14,16,30,124800.84,100770.99,225571.83,3,0.474737,0.494087,138.605025,0.005697,0.008097,0.001254,0,0,2,154,0.031889
3640,Dental Assistants,Healthcare Support,31348.813783,15,7,22,71556.67,48872.4,120429.07,3,0.401603,0.423503,6.684314,0.014498,0.003516,0.000842,0,0,8,159,0.08959
2400,"Archivists, Curators, and Museum Technicians","Education, Training, and Library",62888.082064,16,20,36,39520.98,80484.41,120005.39,3,0.466874,0.491131,36.199467,0.012189,0.010865,0.00087,0,0,2,148,0.076258
5250,"Eligibility Interviewers, Government Programs",Office and Administrative Support,53676.457646,21,18,39,64560.59,60851.76,125412.35,3,0.452811,0.478566,18.229333,0.011662,0.011544,0.001066,0,0,9,77,0.08143
7830,"Food and Tobacco Roasting, Baking, and Drying Machine Operators and Tenders",Production,30753.404204,15,15,30,38529.24,31302.42,69831.66,3,0.466874,0.487435,8.882229,0.012771,0.009414,0.000772,0,0,9,110,0.075866
3540,"Healthcare Practitioners and Technical Occupations, nec",Healthcare Practitioners and Technicians,61506.811408,45,34,79,223904.02,180985.71,404889.73,3,0.506742,0.529564,224.888748,0.030008,0.020259,0.002387,0,0,8,123,0.200053
6820,"Earth Drillers, Except Oil and Gas",Extraction,55995.081715,29,29,58,112194.67,115055.92,227250.59,3,0.501669,0.522542,31.804993,0.024033,0.022111,0.001176,0,0,7,27,0.147283
9200,Locomotive Engineers and Operators,Transportation and Material Moving,73360.635311,28,22,50,167388.29,73553.46,240941.75,3,0.481838,0.503695,34.120227,0.019056,0.015037,0.001272,0,0,9,176,0.124406
1240,"Mathematical science occupations, nec",Computer and Mathematical,94321.866243,21,25,46,106050.56,110191.01,216241.57,3,0.465909,0.494087,83.01075,0.014483,0.011895,0.00113,0,0,2,25,0.095605
1400,Computer Hardware Engineers,Architecture and Engineering,108133.512218,29,31,60,246928.67,138209.63,385138.3,3,0.490217,0.51626,47.020647,0.018329,0.01943,0.001424,0,0,2,114,0.12514
1420,Environmental Engineers,Architecture and Engineering,80907.807711,21,16,37,91981.41,62030.91,154012.32,3,0.443898,0.469697,25.812649,0.012581,0.008339,0.001081,0,0,2,155,0.078009
1560,Surveying and Mapping Technicians,Technicians,46189.430068,53,32,85,258341.84,197415.6,455757.44,3,0.509029,0.529564,69.187087,0.044499,0.025744,0.001916,0,0,2,75,0.287506
1930,"Geological and Petroleum Technicians, and Nuclear Technicians","Life, Physical, and Social Science",64588.032622,15,9,24,45418.9,35548.74,80967.64,3,0.434071,0.456024,8.059623,0.01293,0.005294,0.000849,0,0,2,47,0.076644
2440,Library Technicians,"Education, Training, and Library",30366.806359,11,8,19,51675.17,26493.69,78168.86,3,0.451904,0.470436,3.594836,0.010958,0.005582,0.000657,0,0,2,148,0.063071
3300,Clinical Laboratory Technologists and Technicians,Healthcare Practitioners and Technicians,49687.603311,51,42,93,347403.32,316348.02,663751.34,3,0.511918,0.538803,464.558357,0.033525,0.027237,0.002621,0,0,8,39,0.224064
3400,Emergency Medical Technicians and Paramedics,Healthcare Practitioners and Technicians,53262.71629,50,38,88,395191.28,369360.29,764551.57,3,0.507883,0.533259,349.762205,0.03555,0.024251,0.002231,0,0,8,27,0.233529
3720,First-Line Supervisors of Fire Fighting and Prevention Workers,Protective Service,84457.908869,9,19,28,86248.86,160346.27,246595.13,3,0.481323,0.501109,12.861873,0.007085,0.01266,0.000602,0,0,3,162,0.035611
4340,Animal Trainers,Personal Care and Service,21707.533102,25,17,42,96378.61,63495.93,159874.54,3,0.459267,0.483001,15.649196,0.015789,0.009608,0.001191,0,0,9,53,0.100313
4530,"Baggage Porters, Bellhops, and Concierges",Personal Care and Service,34391.410515,47,41,88,279377.09,269390.26,548767.35,3,0.51484,0.539911,100.55795,0.036528,0.028076,0.001879,0,0,9,103,0.242059
4900,"Models, Demonstrators, and Product Promoters",Sales and Related,22619.931599,27,17,44,144902.9,52820.72,197723.62,3,0.486516,0.503326,5.332326,0.027124,0.015454,0.001125,0,0,9,19,0.175001
5230,"Credit Authorizers, Checkers, and Clerks",Office and Administrative Support,58774.777637,14,17,31,48017.24,33458.92,81476.16,3,0.463039,0.485957,11.247897,0.009221,0.011181,0.000812,0,0,9,113,0.056791
5500,Cargo and Freight Agents,Office and Administrative Support,46329.039703,18,10,28,55797.54,31545.06,87342.6,3,0.470282,0.486327,3.531632,0.015859,0.008556,0.000836,0,0,9,12,0.088777
5800,Computer Operators,Office and Administrative Support,45663.52378,49,44,93,216811.25,148728.1,365539.35,3,0.520185,0.545455,105.156512,0.039834,0.035067,0.001956,0,0,9,40,0.265342
6330,"Drywall Installers, Ceiling Tile Installers, and Tapers",Construction,27358.871034,52,67,119,705673.65,556516.01,1262189.66,3,0.53436,0.570953,134.751467,0.04545,0.04762,0.001854,0,0,9,88,0.298877
6720,Hazardous Materials Removal Workers,Construction,39046.903484,23,33,56,124824.45,95396.77,220221.22,3,0.499446,0.524021,34.437431,0.021588,0.021772,0.000964,0,0,7,170,0.125282
7040,"Electric Motor, Power Tool, and Related Repairers","Installation, Maintenance, and Repair",44602.216198,43,52,95,183405.89,156668.82,340074.71,3,0.522596,0.552846,76.489136,0.032979,0.036824,0.001603,0,0,6,140,0.219045
7100,"Electrical and electronics repairers, transportation equipment, and industrial and utility","Installation, Maintenance, and Repair",47635.59459,42,37,79,142795.64,142870.3,285665.94,3,0.509605,0.533629,50.646267,0.031263,0.026316,0.001605,0,0,6,67,0.199004
7410,Electrical Power-Line Installers and Repairers,"Installation, Maintenance, and Repair",68085.136184,55,54,109,454020.37,309116.64,763137.01,3,0.518987,0.552106,189.57176,0.035008,0.036186,0.002154,0,0,6,109,0.232955
7840,Food Batchmakers,Production,30987.123048,46,60,106,187813.29,166528.91,354342.2,3,0.528103,0.562084,140.358231,0.033204,0.039936,0.001803,0,0,9,147,0.221341
7950,"Cutting, Punching, and Press Machine Setters, Operators, and Tenders, Metal and Plastic",Production,32943.873933,66,77,143,337264.11,356045.31,693309.42,3,0.540767,0.58204,293.184894,0.049465,0.051394,0.002422,0,0,9,167,0.333028
8130,Tool and Die Makers,Production,52874.218543,39,43,82,182198.3,145678.47,327876.77,3,0.488624,0.524021,90.779099,0.022792,0.023489,0.00162,0,0,9,133,0.150563
8320,Sewing Machine Operators,Production,25119.432353,47,52,99,239584.13,152866.86,392450.99,3,0.521387,0.552106,89.474382,0.033628,0.034609,0.001827,0,0,9,158,0.22779
8500,Cabinetmakers and Bench Carpenters,Production,27157.983496,64,69,133,288869.17,270777.73,559646.9,3,0.53436,0.572432,356.593415,0.042772,0.044816,0.002514,0,0,9,29,0.280527
8550,"Woodworkers including model makers and patternmakers, nec",Production,23973.607371,40,35,75,133882.74,80292.33,214175.07,3,0.506173,0.529933,86.948159,0.030175,0.02295,0.001577,0,0,9,150,0.200171
8730,"Furnace, Kiln, Oven, Drier, and Kettle Operators and Tenders",Production,39979.329982,31,20,51,76353.43,48821.55,125174.98,3,0.479787,0.500739,13.623839,0.024795,0.01493,0.001226,0,0,9,125,0.156211
8760,"Medical, Dental, and Ophthalmic Laboratory Technicians",Production,39345.265679,45,46,91,174206.37,122232.13,296438.5,3,0.518391,0.545824,140.832817,0.027091,0.029461,0.001809,0,0,9,110,0.181127
9520,"Dredge, Excavating, and Loading Machine Operators",Transportation and Material Moving,32922.573031,35,42,77,135729.89,105117.07,240846.96,3,0.513667,0.539911,64.790658,0.02701,0.030981,0.001391,0,0,9,81,0.175145
9720,Refuse and Recyclable Material Collectors,Transportation and Material Moving,27377.344564,51,37,88,461002.1,212979.96,673982.06,3,0.510181,0.533999,73.158558,0.039441,0.031456,0.001974,0,0,9,108,0.267433
510,"Buyers and Purchasing Agents, Farm Products",Business Operations Specialists,48934.144843,16,9,25,37749.24,14717.82,52467.06,3,0.426679,0.449372,2.534652,0.011769,0.005762,0.000875,0,0,0,20,0.075924
3910,Private Detectives and Investigators,Protective Service,64748.922076,16,19,35,163494.59,110227.91,273722.5,3,0.479787,0.5,11.307321,0.014329,0.014455,0.000805,0,0,9,40,0.078892
8330,Shoe and Leather Workers and Repairers,Production,24818.714066,20,13,33,50091.3,27413.5,77504.8,3,0.46209,0.482262,19.476823,0.016369,0.008539,0.000927,0,0,9,20,0.099038
3240,"Therapists, nec",Healthcare Practitioners and Technicians,53163.610552,26,17,43,166813.75,99547.42,266361.17,3,0.437439,0.464893,150.478761,0.013666,0.00827,0.001584,0,0,2,154,0.091548
5900,"Office Machine Operators, Except Computer",Office and Administrative Support,30630.220287,35,25,60,86025.46,80953.56,166979.02,3,0.503911,0.521064,21.689193,0.027221,0.021795,0.001423,0,0,9,143,0.180552
1920,Chemical Technicians,"Life, Physical, and Social Science",49866.794811,37,24,61,134965.5,111203.21,246168.71,3,0.492358,0.512565,72.1655,0.027827,0.014699,0.001627,0,0,2,47,0.182594
3150,Occupational Therapists,Healthcare Practitioners and Technicians,67761.11166,9,5,14,35159.02,44738.55,79897.57,3,0.41798,0.438285,40.8116,0.005264,0.001967,0.000746,0,0,2,154,0.029266
2740,Dancers and Choreographers,"Arts, Design, Entertainment, Sports, and Media",41601.981133,7,7,14,31338.98,17899.11,49238.09,3,0.4588,0.47524,0.713691,0.005846,0.004969,0.000549,0,0,5,117,0.029985
3160,Physical Therapists,Healthcare Practitioners and Technicians,68984.957895,10,18,28,138459.88,176794.71,315254.59,3,0.413761,0.443829,131.386408,0.006148,0.006059,0.000868,0,0,2,154,0.022221
6800,"Derrick, rotary drill, and service unit operators, and roustabouts, oil, gas, and mining",Extraction,65092.829867,38,31,69,169589.25,159927.91,329517.16,3,0.503911,0.525499,52.243927,0.029329,0.02454,0.001465,0,0,7,128,0.177919
7110,"Electronic Equipment Installers and Repairers, Motor Vehicles","Installation, Maintenance, and Repair",45819.750984,19,14,33,55449.45,54844.85,110294.3,4,0.458333,0.480414,3.036791,0.012987,0.01105,0.000889,0,0,6,146,0.081752
930,"Tax Examiners and Collectors, and Revenue Agents",Financial Specialists,67259.847613,18,12,30,84086.54,50572,134658.54,3,0.403038,0.428677,21.201091,0.011542,0.005585,0.001107,0,0,0,2,0.071439
1230,Statisticians,Computer and Mathematical,78739.580392,13,6,19,19066.2,23130.71,42196.91,3,0.446977,0.464893,20.924354,0.007103,0.003642,0.000842,0,0,2,126,0.041157
1600,Agricultural and Food Scientists,"Life, Physical, and Social Science",62016.753213,27,15,42,74024.17,67357.63,141381.8,3,0.463515,0.484848,78.930096,0.017994,0.007044,0.001364,0,0,2,121,0.112526
3000,Chiropractors,Healthcare Practitioners and Technicians,83545.907536,14,8,22,175818.93,62486.42,238305.35,3,0.445212,0.464893,42.281461,0.007136,0.005521,0.001811,0,0,2,72,0.05425
3510,Medical Records and Health Information Technicians,Healthcare Practitioners and Technicians,41440.869694,15,10,25,60501.28,43287.84,103789.12,3,0.42189,0.445676,11.001476,0.009075,0.004601,0.000934,0,0,8,72,0.055213
5200,Brokerage Clerks,Office and Administrative Support,36772.003673,5,1,6,8726.93,6262.22,14989.15,4,0.365775,0.378788,0,0.00471,0.000851,0.000472,0,0,9,2,0.021071
5220,"Court, Municipal, and License Clerks",Office and Administrative Support,36230.543172,24,23,47,70759.3,68371.12,139130.42,3,0.481323,0.504065,47.926818,0.014651,0.016125,0.001255,0,0,9,77,0.099122
7320,Home Appliance Repairers,"Installation, Maintenance, and Repair",29855.350458,40,34,74,195975.18,145059.58,341034.76,3,0.501111,0.525868,43.737176,0.030282,0.024795,0.001579,0,0,6,0,0.19149
1200,Actuaries,Computer and Mathematical,148479.571047,4,8,12,39438.87,29556.15,68995.02,3,0.437016,0.457871,6.169492,0.001205,0.004006,0.000587,0,0,2,126,0.010545
1700,Astronomers and Physicists,"Life, Physical, and Social Science",98891.792986,15,13,28,52828.24,49628.79,102457.03,3,0.406306,0.432742,48.381855,0.006809,0.005422,0.001044,0,0,2,23,0.039245
1710,Atmospheric and Space Scientists,"Life, Physical, and Social Science",112089.926867,9,7,16,19620.02,13835.28,33455.3,3,0.394576,0.416112,3.388672,0.003253,0.003238,0.000756,0,0,2,23,0.023213
7430,Precision Instrument and Equipment Repairers,"Installation, Maintenance, and Repair",43716.282668,41,38,79,191194.51,137252.78,328447.29,3,0.502787,0.529933,64.742187,0.029625,0.024164,0.0016,0,0,6,77,0.189942
1910,Biological Technicians,"Life, Physical, and Social Science",46390.492131,20,18,38,77559.5,52255.94,129815.44,3,0.477754,0.497783,34.154852,0.015119,0.011557,0.0011,0,0,2,64,0.097084
7900,Computer Control Programmers and Operators,Production,52208.914176,50,50,100,240958.77,184797.99,425756.76,3,0.519585,0.54952,123.091344,0.03589,0.033133,0.001904,0,0,9,194,0.228888
1450,Materials Engineers,Architecture and Engineering,82901.239229,18,16,34,106246.99,68071.09,174318.08,3,0.447421,0.472653,11.315419,0.013063,0.007873,0.000989,0,0,2,155,0.085735
3110,Physician Assistants,Healthcare Practitioners and Technicians,98977.117187,20,16,36,141085.12,77299.13,218384.25,3,0.426276,0.454176,83.988223,0.011518,0.007215,0.001804,0,0,2,72,0.076881
6100,Fishing and hunting workers,"Farming, Fisheries, and Forestry",21963.400451,32,45,77,147246.61,147069.47,294316.08,3,0.514253,0.542498,99.372293,0.02327,0.029925,0.001298,0,0,9,141,0.143716
8750,Jewelers and Precious Stone and Metal Workers,Production,32369.182381,33,30,63,138412.48,99177.86,237590.34,3,0.489685,0.515152,47.723888,0.024429,0.018533,0.001284,0,0,9,177,0.148952
5530,"Meter Readers, Utilities",Office and Administrative Support,36309.28725,33,20,53,138361.17,87949.42,226310.59,3,0.487041,0.505913,45.264309,0.023147,0.013843,0.001358,0,0,9,81,0.149048
7740,Structural Metal Fabricators and Fitters,Production,42462.667253,37,32,69,126314.76,68338.88,194653.64,3,0.509605,0.529933,48.123748,0.024731,0.024114,0.001442,0,0,9,148,0.158945
3310,Dental Hygienists,Healthcare Practitioners and Technicians,65214.659669,6,4,10,47609,17738.48,65347.48,3,0.38547,0.403917,0.840677,0.003929,0.001788,0.000535,0,0,8,25,0.016131
6700,Elevator Installers and Repairers,Construction,73127.221694,21,19,40,118821.84,84879.28,203701.12,3,0.476744,0.497783,9.543747,0.014471,0.013799,0.000944,0,0,7,162,0.080822
7125,"Electronic Repairs, nec","Installation, Maintenance, and Repair",46456.136121,9,9,18,15668.07,19164.41,34832.48,3,0.431166,0.453437,3.376145,0.005951,0.005694,0.000613,0,0,6,69,0.042876
5320,"Library Assistants, Clerical",Office and Administrative Support,16323.08231,31,31,62,129783.28,70418.65,200201.93,3,0.49506,0.519586,49.558615,0.025359,0.020694,0.001269,0,0,9,60,0.163238
9300,"Sailors and marine oilers, and ship engineers",Transportation and Material Moving,55070.666023,27,23,50,89319.82,69263.79,158583.61,3,0.487568,0.5085,29.056903,0.022654,0.016476,0.001208,0,0,9,141,0.149085
8930,"Paper Goods Machine Setters, Operators, and Tenders",Production,41930.662041,41,27,68,134885.17,103057.62,237942.79,3,0.489685,0.512934,73.096008,0.03001,0.018557,0.001666,0,0,9,158,0.194001
4150,"Host and Hostesses, Restaurant, Lounge, and Coffee Shop",Food Preparation and Serving,14684.836052,33,39,72,247153.08,164935.46,412088.54,3,0.510181,0.535477,40.21499,0.028606,0.027446,0.001276,0,0,9,54,0.178078
3260,"Health Diagnosing and Treating Practitioners, nec",Healthcare Practitioners and Technicians,34203.635041,11,6,17,34630.73,17967.36,52598.09,3,0.367563,0.384331,1.380418,0.005589,0.001836,0.000824,0,0,8,72,0.029116
3700,First-Line Supervisors of Correctional Officers,Protective Service,62264.945694,10,12,22,79493.4,85084.14,164577.54,3,0.482869,0.497044,6.169912,0.007596,0.00977,0.000584,0,0,3,158,0.040535
8910,"Etchers, Engravers, and Lithographers",Production,30140.130749,19,12,31,32809.87,15188.1,47997.97,3,0.481323,0.495935,11.638527,0.012679,0.008056,0.000913,0,0,9,189,0.089197
7540,Locksmiths and Safe Repairers,"Installation, Maintenance, and Repair",33259.948198,25,22,47,136183.73,70154.94,206338.67,3,0.469303,0.494457,13.870324,0.016528,0.014425,0.001123,0,0,6,77,0.107563
8350,"Tailors, Dressmakers, and Sewers",Production,27773.040999,24,22,46,74303.15,85584.36,159887.51,3,0.472251,0.496674,48.674939,0.016979,0.013017,0.00112,0,0,9,135,0.107431
3230,Speech Language Pathologists,Healthcare Practitioners and Technicians,61056.300201,5,4,9,15360.03,11376.63,26736.66,3,0.403038,0.422764,1.896094,0.002106,0.002743,0.000566,0,0,2,154,0.017186
3030,Dieticians and Nutritionists,Healthcare Practitioners and Technicians,58907.29941,11,7,18,39596.57,24841.54,64438.11,4,0.378039,0.39782,13.729381,0.008654,0.002177,0.001218,0,0,2,72,0.054147
5010,"Switchboard Operators, Including Answering Service",Office and Administrative Support,35406.222016,11,10,21,35763.26,18856.77,54620.03,3,0.466874,0.48374,1.128965,0.009202,0.008837,0.000642,0,0,9,118,0.052501
9360,Automotive and Watercraft Service Attendants,Transportation and Material Moving,21906.510503,57,66,123,471471.01,275560.94,747031.95,3,0.535629,0.570953,140.856106,0.048711,0.048033,0.002067,0,0,9,98,0.322927
4420,"Ushers, Lobby Attendants, and Ticket Takers",Personal Care and Service,13123.827045,23,37,60,106366.06,101160.6,207526.66,3,0.510181,0.533999,36.420173,0.017147,0.02801,0.001112,0,0,9,54,0.111649
7030,Avionics Technicians,"Installation, Maintenance, and Repair",61004.758197,14,12,26,31507.73,21564.54,53072.27,4,0.439571,0.463415,4.609155,0.0099,0.007657,0.000771,0,0,6,119,0.061359
5920,Statistical Assistants,Office and Administrative Support,55445.264067,15,17,32,61501.98,38170.81,99672.79,3,0.478769,0.497783,10.919516,0.014023,0.012463,0.000769,0,0,9,126,0.084987
3140,Audiologists,Healthcare Practitioners and Technicians,89430.23958,3,4,7,7178.04,17082.59,24260.63,4,0.380912,0.398928,0,0.002227,0.00219,0.00043,0,0,2,154,0.003171
3200,Radiation Therapists,Healthcare Practitioners and Technicians,84645.160582,6,6,12,18642.29,15661.68,34303.97,4,0.349884,0.364006,5.041175,0.003118,0.001721,0.000605,0,0,2,154,0.00979
3210,Recreational Therapists,Healthcare Practitioners and Technicians,56656.388618,2,4,6,6369.49,6519.27,12888.76,3,0.423077,0.44235,1.416088,0.000281,0.002004,0.000429,0,0,2,154,0.00306
3520,"Opticians, Dispensing",Healthcare Practitioners and Technicians,39220.531069,18,23,41,71318.54,55825.3,127143.84,3,0.489685,0.509978,105.480265,0.009182,0.012347,0.001104,0,0,8,72,0.055134
8250,Prepress Technicians and Workers,Production,44319.792099,26,25,51,70477.02,50609.52,121086.54,3,0.49615,0.515891,43.714206,0.018351,0.017071,0.001112,0,0,9,121,0.116343
3620,Physical Therapist Assistants and Aides,Healthcare Support,39316.909688,13,9,22,115923.75,59895.82,175819.57,3,0.461617,0.478936,21.375621,0.010008,0.007257,0.000867,0,0,8,159,0.061526
8200,"Plating and Coating Machine Setters, Operators, and Tenders, Metal and Plastic",Production,35030.723303,21,28,49,71055.81,61964.95,133020.76,3,0.493976,0.51663,36.672191,0.018044,0.019846,0.000962,0,0,9,125,0.11072
3610,Occupational Therapy Assistants and Aides,Healthcare Support,48061.563217,4,2,6,20541.84,4534.81,25076.65,4,0.367563,0.381559,0,0.004712,0.001326,0.000434,0,0,9,159,0.019935
7550,Manufactured Building and Mobile Home Installers,"Installation, Maintenance, and Repair",29086.550252,21,10,31,65105.07,25355.23,90460.3,3,0.454179,0.473762,8.728146,0.017132,0.008313,0.000981,0,0,6,119,0.110615
7920,"Extruding and Drawing Machine Setters, Operators, and Tenders, Metal and Plastic",Production,42166.878286,18,16,34,57475.67,35131.86,92607.53,3,0.490217,0.505174,10.675318,0.015162,0.013261,0.000814,0,0,9,163,0.078907
8530,"Sawing Machine Setters, Operators, and Tenders, Wood",Production,26133.616806,41,57,98,164134.49,177969.38,342103.87,3,0.519585,0.554693,68.068239,0.030971,0.037684,0.001526,0,0,9,133,0.198912
8720,"Extruding, Forming, Pressing, and Compacting Machine Setters, Operators, and Tenders",Production,35881.23577,41,39,80,123622.59,92319.81,215942.4,3,0.506173,0.53289,58.491015,0.028867,0.025877,0.001567,0,0,9,183,0.186399
8850,Adhesive Bonding Machine Operators and Tenders,Production,32899.108411,13,8,21,26077.88,13915.26,39993.14,3,0.443026,0.463045,2.170541,0.008643,0.006473,0.000728,0,0,9,157,0.06253
8460,"Textile, Apparel, and Furnishings workers, nec",Production,28581.785422,31,18,49,74131.74,49880.74,124012.48,3,0.479277,0.498891,13.656732,0.024509,0.013276,0.001209,0,0,9,128,0.154768
9310,Ship and Boat Captains and Operators,Transportation and Material Moving,66714.485057,24,35,59,120938.4,102164.66,223103.06,3,0.505605,0.529564,41.237158,0.016912,0.025481,0.001095,0,0,9,141,0.098724
8210,"Tool Grinders, Filers, and Sharpeners",Production,33003.281596,5,3,8,15611.9,3777.63,19389.53,4,0.409628,0.429047,0.060591,0.006029,0.002312,0.000451,0,0,9,157,0.029665
9260,"Subway, Streetcar, and Other Rail Transportation Workers",Transportation and Material Moving,59746.934681,10,9,19,67585.59,23373.09,90958.68,3,0.454637,0.473392,2.534487,0.008738,0.006621,0.00062,0,0,9,176,0.048493
7610,"Helpers--Installation, Maintenance, and Repair Workers","Installation, Maintenance, and Repair",20646.283506,28,40,68,128980.17,98012.24,226992.41,3,0.508455,0.535107,23.199357,0.026758,0.028975,0.0011,0,0,6,152,0.163204
7850,Food Cooking Machine Operators and Tenders,Production,27389.542853,19,8,27,42736.89,23574.15,66311.04,3,0.446093,0.465632,2.369669,0.015465,0.005907,0.000847,0,0,9,194,0.090636
7940,"Rolling Machine Setters, Operators, and Tenders, metal and Plastic",Production,41963.816313,20,19,39,57366.4,29574.4,86940.8,3,0.485468,0.504065,8.976159,0.017616,0.014984,0.000867,0,0,9,164,0.09804
8510,Furniture Finishers,Production,20300.706955,20,23,43,81523.49,68958.41,150481.9,3,0.487041,0.50813,11.066647,0.01752,0.015836,0.000905,0,0,9,118,0.106559
9560,"Conveyor operators and tenders, and hoist and winch operators",Transportation and Material Moving,41968.623991,23,22,45,85327.15,42840.35,128167.5,3,0.488624,0.5085,16.976795,0.018526,0.017396,0.001035,0,0,9,128,0.115135
9630,Machine Feeders and Offbearers,Transportation and Material Moving,27444.736692,26,27,53,162675.97,90445.16,253121.13,3,0.502227,0.521434,28.280861,0.021553,0.020776,0.001086,0,0,9,31,0.135522
7730,Engine and Other Machine Assemblers,Production,45901.653362,22,15,37,71589.96,26247.25,97837.21,3,0.473739,0.492609,8.224112,0.016531,0.011947,0.000969,0,0,9,158,0.104598
8310,"Pressers, Textile, Garment, and Related Materials",Production,23898.273651,20,25,45,44021.1,64810.06,108831.16,3,0.487568,0.509978,26.31978,0.015822,0.016963,0.000898,0,0,9,14,0.09726
8340,Shoe Machine Operators and Tenders,Production,29822.023794,5,1,6,7958.42,2643.72,10602.14,3,0.367264,0.380266,0.096599,0.004649,0.00093,0.000471,0,0,9,195,0.031267
7960,"Drilling and Boring Machine Tool Setters, Operators, and Tenders, Metal and Plastic",Production,37376.037967,8,7,15,11935.24,11398.59,23333.83,3,0.416052,0.437916,1.581362,0.006976,0.003857,0.000531,0,0,1,121,0.033404
7360,Millwrights,"Installation, Maintenance, and Repair",56780.743337,40,31,71,222910.33,149749.43,372659.76,3,0.500555,0.523282,28.88998,0.029729,0.022634,0.001559,0,0,6,146,0.197871
8940,Tire Builders,Production,41424.831578,22,15,37,49131.43,34579.52,83710.95,3,0.471264,0.490761,3.61948,0.018359,0.010514,0.000942,0,0,9,78,0.103937
8400,"Textile bleaching and dyeing, and cutting machine setters, operators, and tenders",Production,27754.181362,11,11,22,16579.32,28731.45,45310.77,3,0.441724,0.464154,1.581208,0.012576,0.00723,0.000616,0,0,9,157,0.07271
6830,"Explosives Workers, Ordnance Handling Experts, and Blasters",Extraction,53636.786407,12,18,30,47892.38,40543.09,88435.47,3,0.492358,0.50813,5.541935,0.010428,0.013414,0.00063,0,0,7,177,0.050341
6500,Reinforcing Iron and Rebar Workers,Construction,45039.003768,8,19,27,25545.69,36027.34,61573.03,3,0.472746,0.494826,3.468869,0.008394,0.012789,0.000523,0,0,7,47,0.043273
7300,Control and Valve Installers and Repairers,"Installation, Maintenance, and Repair",53876.092116,24,27,51,97546.97,58863.12,156410.09,3,0.491821,0.514412,13.53512,0.017724,0.021428,0.001043,0,0,6,119,0.103465
7710,"Aircraft Structure, Surfaces, Rigging, and Systems Assemblers",Production,45413.67286,6,9,15,17250.6,16376.69,33627.29,3,0.43829,0.459719,1.091663,0.006962,0.006353,0.000446,0,0,9,176,0.023978
7560,Riggers,"Installation, Maintenance, and Repair",54093.19411,18,24,42,48606.22,56467.76,105073.98,3,0.489154,0.510347,12.298054,0.014837,0.018223,0.000877,0,0,6,69,0.095702
8420,"Textile Winding, Twisting, and Drawing Out Machine Setters, Operators, and Tenders",Production,28873.829996,15,9,24,58351.72,19548.34,77900.06,3,0.424271,0.447154,4.746241,0.01231,0.005141,0.000767,0,0,9,125,0.073987
8410,"Textile Knitting and Weaving Machine Setters, Operators, and Tenders",Production,31180.751374,9,10,19,24546.65,22164.92,46711.57,3,0.447421,0.468219,2.061245,0.007263,0.006861,0.000577,0,0,9,56,0.038402
5030,"Communications Equipment Operators, All Other",Office and Administrative Support,61775.480814,8,6,14,18581.95,16649.79,35231.74,3,0.419926,0.440872,0.826042,0.006929,0.004524,0.000567,0,0,9,153,0.036209
5130,Gaming Cage Workers,Office and Administrative Support,24581.330163,5,8,13,5448.09,13196.27,18644.36,3,0.444335,0.464154,2.196115,0.003626,0.004975,0.000474,0,0,9,77,0.02515
6430,Paperhangers,Construction,14587.856243,5,4,9,7267,6274.1,13541.1,3,0.438716,0.456393,0.043478,0.004234,0.003973,0.000472,0,0,7,157,0.028828
8860,"Cleaning, Washing, and Metal Pickling Equipment Operators and Tenders",Production,25552.886767,12,8,20,20383.82,15128.43,35512.25,3,0.439571,0.460089,0.57795,0.010344,0.006307,0.000654,0,0,9,194,0.057464
7930,"Forging Machine Setters, Operators, and Tenders, Metal and Plastic",Production,36212.555914,5,10,15,8816.11,16899.97,25716.08,3,0.465428,0.482631,2.494491,0.004023,0.007152,0.000454,0,0,9,110,0.014556
8150,"Heat Treating Equipment Setters, Operators, and Tenders, Metal and Plastic",Production,51704.107744,4,7,11,5935.34,11470.63,17405.97,4,0.436592,0.457132,0.021739,0.003998,0.005549,0.000441,0,0,9,65,0.027471
9830,"Military, Rank Not Specified",Military,43773.504563,0,232,232,0,1548424.8,1548424.8,2,0.672619,0.756637,0,0,0.130356,0.00033,0,1,6,131,0
9999,NIU,No Occupation,0,0,428,428,0,39489170.28,39489170.28,2,0.94958,0.973451,0,0,0.182225,0.00033,0,2,9,91,0
